State_County_FIPS,State_FIPS,County_FIPS,County_Name,State_Name,White_Alone
'01003','01','003',Baldwin County,Alabama,
'01015','01','015',Calhoun County,Alabama,
'01023','01','023',Choctaw County,Alabama,
'01031','01','031',Coffee County,Alabama,
'01039','01','039',Covington County,Alabama,
'01041','01','041',Crenshaw County,Alabama,
'01045','01','045',Dale County,Alabama,
'01053','01','053',Escambia County,Alabama,
'01055','01','055',Etowah County,Alabama,
'01069','01','069',Houston County,Alabama,
'01071','01','071',Jackson County,Alabama,
'01073','01','073',Jefferson County,Alabama,-34
'01079','01','079',Lawrence County,Alabama,
'01081','01','081',Lee County,Alabama,
'01087','01','087',Macon County,Alabama,-10
'01089','01','089',Madison County,Alabama,
'01091','01','091',Marengo County,Alabama,
'01097','01','097',Mobile County,Alabama,
'01101','01','101',Montgomery County,Alabama,53
'01103','01','103',Morgan County,Alabama,
'01105','01','105',Perry County,Alabama,
'01113','01','113',Russell County,Alabama,
'01117','01','117',Shelby County,Alabama,
'01125','01','125',Tuscaloosa County,Alabama,
'02013','02','013',Aleutians East Borough,Alaska,-6
'02016','02','016',Aleutians West Census Area,Alaska,
'02020','02','020',Anchorage Municipality,Alaska,460
'02068','02','068',Denali Borough,Alaska,
'02090','02','090',Fairbanks North Star Borough,Alaska,
'02110','02','110',Juneau City and Borough,Alaska,
'02122','02','122',Kenai Peninsula Borough,Alaska,40
'02130','02','130',Ketchikan Gateway Borough,Alaska,
'02150','02','150',Kodiak Island Borough,Alaska,31
'02170','02','170',Matanuska-Susitna Borough,Alaska,
'02180','02','180',Nome Census Area,Alaska,
'02185','02','185',North Slope Borough,Alaska,
'02188','02','188',Northwest Arctic Borough,Alaska,
'02195','02','195',Petersburg Borough,Alaska,
'02261','02','261',Valdez-Cordova Census Area,Alaska,
'02275','02','275',Wrangell City and Borough,Alaska,26
'02290','02','290',Yukon-Koyukuk Census Area,Alaska,
'04001','04','001',Apache County,Arizona,-7
'04003','04','003',Cochise County,Arizona,48
'04005','04','005',Coconino County,Arizona,-446
'04007','04','007',Gila County,Arizona,
'04009','04','009',Graham County,Arizona,
'04012','04','012',La Paz County,Arizona,
'04013','04','013',Maricopa County,Arizona,-1648
'04015','04','015',Mohave County,Arizona,-450
'04017','04','017',Navajo County,Arizona,
'04019','04','019',Pima County,Arizona,-275
'04021','04','021',Pinal County,Arizona,-56
'04023','04','023',Santa Cruz County,Arizona,-180
'04025','04','025',Yavapai County,Arizona,-285
'04027','04','027',Yuma County,Arizona,-117
'05005','05','005',Baxter County,Arkansas,
'05007','05','007',Benton County,Arkansas,-227
'05015','05','015',Carroll County,Arkansas,
'05017','05','017',Chicot County,Arkansas,
'05019','05','019',Clark County,Arkansas,
'05027','05','027',Columbia County,Arkansas,-9
'05031','05','031',Craighead County,Arkansas,
'05033','05','033',Crawford County,Arkansas,
'05035','05','035',Crittenden County,Arkansas,
'05043','05','043',Drew County,Arkansas,
'05049','05','049',Fulton County,Arkansas,
'05051','05','051',Garland County,Arkansas,
'05063','05','063',Independence County,Arkansas,
'05069','05','069',Jefferson County,Arkansas,-10
'05071','05','071',Johnson County,Arkansas,
'05073','05','073',Lafayette County,Arkansas,
'05075','05','075',Lawrence County,Arkansas,
'05077','05','077',Lee County,Arkansas,
'05085','05','085',Lonoke County,Arkansas,
'05097','05','097',Montgomery County,Arkansas,
'05103','05','103',Ouachita County,Arkansas,
'05115','05','115',Pope County,Arkansas,
'05119','05','119',Pulaski County,Arkansas,149
'05123','05','123',St. Francis County,Arkansas,
'05125','05','125',Saline County,Arkansas,
'05131','05','131',Sebastian County,Arkansas,
'05139','05','139',Union County,Arkansas,
'05141','05','141',Van Buren County,Arkansas,
'05143','05','143',Washington County,Arkansas,-36
'05147','05','147',Woodruff County,Arkansas,
'06001','06','001',Alameda County,California,-294
'06005','06','005',Amador County,California,-63
'06007','06','007',Butte County,California,-354
'06009','06','009',Calaveras County,California,
'06011','06','011',Colusa County,California,
'06013','06','013',Contra Costa County,California,23
'06015','06','015',Del Norte County,California,-90
'06017','06','017',El Dorado County,California,-50
'06019','06','019',Fresno County,California,-822
'06021','06','021',Glenn County,California,-16
'06023','06','023',Humboldt County,California,-575
'06025','06','025',Imperial County,California,-18
'06027','06','027',Inyo County,California,-65
'06029','06','029',Kern County,California,-4014
'06031','06','031',Kings County,California,328
'06033','06','033',Lake County,California,-109
'06035','06','035',Lassen County,California,-228
'06039','06','039',Madera County,California,-341
'06041','06','041',Marin County,California,-67
'06043','06','043',Mariposa County,California,
'06045','06','045',Mendocino County,California,-21
'06047','06','047',Merced County,California,-256
'06049','06','049',Modoc County,California,-26
'06051','06','051',Mono County,California,-231
'06053','06','053',Monterey County,California,-216
'06055','06','055',Napa County,California,-143
'06057','06','057',Nevada County,California,-80
'06059','06','059',Orange County,California,-4349
'06061','06','061',Placer County,California,207
'06063','06','063',Plumas County,California,
'06065','06','065',Riverside County,California,-4703
'06067','06','067',Sacramento County,California,-348
'06069','06','069',San Benito County,California,9
'06071','06','071',San Bernardino County,California,-8415
'06073','06','073',San Diego County,California,-579
'06075','06','075',San Francisco County,California,-192
'06077','06','077',San Joaquin County,California,-286
'06079','06','079',San Luis Obispo County,California,-550
'06081','06','081',San Mateo County,California,-209
'06083','06','083',Santa Barbara County,California,-734
'06085','06','085',Santa Clara County,California,-923
'06087','06','087',Santa Cruz County,California,-1
'06089','06','089',Shasta County,California,-35
'06091','06','091',Sierra County,California,15
'06093','06','093',Siskiyou County,California,
'06095','06','095',Solano County,California,-247
'06097','06','097',Sonoma County,California,23
'06099','06','099',Stanislaus County,California,56
'06101','06','101',Sutter County,California,
'06103','06','103',Tehama County,California,29
'06105','06','105',Trinity County,California,-38
'06107','06','107',Tulare County,California,-322
'06109','06','109',Tuolumne County,California,-56
'06111','06','111',Ventura County,California,-2461
'06113','06','113',Yolo County,California,-294
'06115','06','115',Yuba County,California,
'08001','08','001',Adams County,Colorado,
'08005','08','005',Arapahoe County,Colorado,-176
'08013','08','013',Boulder County,Colorado,-66
'08014','08','014',Broomfield County,Colorado,-62
'08019','08','019',Clear Creek County,Colorado,
'08023','08','023',Costilla County,Colorado,
'08029','08','029',Delta County,Colorado,
'08031','08','031',Denver County,Colorado,-393
'08035','08','035',Douglas County,Colorado,70
'08041','08','041',El Paso County,Colorado,-18
'08043','08','043',Fremont County,Colorado,-22
'08045','08','045',Garfield County,Colorado,
'08049','08','049',Grand County,Colorado,
'08051','08','051',Gunnison County,Colorado,
'08053','08','053',Hinsdale County,Colorado,
'08057','08','057',Jackson County,Colorado,
'08059','08','059',Jefferson County,Colorado,76
'08067','08','067',La Plata County,Colorado,-68
'08069','08','069',Larimer County,Colorado,-172
'08071','08','071',Las Animas County,Colorado,
'08075','08','075',Logan County,Colorado,
'08077','08','077',Mesa County,Colorado,
'08085','08','085',Montrose County,Colorado,42
'08087','08','087',Morgan County,Colorado,
'08097','08','097',Pitkin County,Colorado,
'08099','08','099',Prowers County,Colorado,-22
'08101','08','101',Pueblo County,Colorado,
'08109','08','109',Saguache County,Colorado,
'08113','08','113',San Miguel County,Colorado,
'08115','08','115',Sedgwick County,Colorado,
'08117','08','117',Summit County,Colorado,
'08119','08','119',Teller County,Colorado,
'08123','08','123',Weld County,Colorado,-213
'09001','09','001',Fairfield County,Connecticut,359
'09003','09','003',Hartford County,Connecticut,-31
'09005','09','005',Litchfield County,Connecticut,
'09007','09','007',Middlesex County,Connecticut,-73
'09009','09','009',New Haven County,Connecticut,205
'09011','09','011',New London County,Connecticut,-31
'09013','09','013',Tolland County,Connecticut,
'09015','09','015',Windham County,Connecticut,
'10001','10','001',Kent County,Delaware,
'10003','10','003',New Castle County,Delaware,-66
'10005','10','005',Sussex County,Delaware,
'11001','11','001',District of Columbia,District of Columbia,-51
'12001','12','001',Alachua County,Florida,
'12005','12','005',Bay County,Florida,
'12007','12','007',Bradford County,Florida,
'12009','12','009',Brevard County,Florida,
'12011','12','011',Broward County,Florida,-23
'12017','12','017',Citrus County,Florida,16
'12019','12','019',Clay County,Florida,31
'12021','12','021',Collier County,Florida,
'12031','12','031',Duval County,Florida,-130
'12033','12','033',Escambia County,Florida,-182
'12035','12','035',Flagler County,Florida,
'12053','12','053',Hernando County,Florida,
'12057','12','057',Hillsborough County,Florida,100
'12059','12','059',Holmes County,Florida,-16
'12061','12','061',Indian River County,Florida,
'12069','12','069',Lake County,Florida,
'12071','12','071',Lee County,Florida,-103
'12073','12','073',Leon County,Florida,65
'12081','12','081',Manatee County,Florida,-68
'12083','12','083',Marion County,Florida,
'12085','12','085',Martin County,Florida,
'12086','12','086',Miami-Dade County,Florida,790
'12087','12','087',Monroe County,Florida,
'12089','12','089',Nassau County,Florida,
'12091','12','091',Okaloosa County,Florida,26
'12095','12','095',Orange County,Florida,-91
'12097','12','097',Osceola County,Florida,
'12099','12','099',Palm Beach County,Florida,-105
'12101','12','101',Pasco County,Florida,
'12103','12','103',Pinellas County,Florida,-114
'12105','12','105',Polk County,Florida,46
'12107','12','107',Putnam County,Florida,
'12109','12','109',St. Johns County,Florida,
'12111','12','111',St. Lucie County,Florida,
'12113','12','113',Santa Rosa County,Florida,
'12115','12','115',Sarasota County,Florida,-6
'12117','12','117',Seminole County,Florida,-99
'12119','12','119',Sumter County,Florida,
'12127','12','127',Volusia County,Florida,131
'12133','12','133',Washington County,Florida,
'13001','13','001',Appling County,Georgia,
'13009','13','009',Baldwin County,Georgia,
'13013','13','013',Barrow County,Georgia,
'13015','13','015',Bartow County,Georgia,
'13021','13','021',Bibb County,Georgia,
'13031','13','031',Bulloch County,Georgia,
'13035','13','035',Butts County,Georgia,
'13045','13','045',Carroll County,Georgia,
'13051','13','051',Chatham County,Georgia,216
'13053','13','053',Chattahoochee County,Georgia,
'13055','13','055',Chattooga County,Georgia,
'13057','13','057',Cherokee County,Georgia,66
'13059','13','059',Clarke County,Georgia,13
'13063','13','063',Clayton County,Georgia,
'13067','13','067',Cobb County,Georgia,-185
'13071','13','071',Colquitt County,Georgia,
'13073','13','073',Columbia County,Georgia,
'13077','13','077',Coweta County,Georgia,
'13083','13','083',Dade County,Georgia,
'13087','13','087',Decatur County,Georgia,21
'13089','13','089',DeKalb County,Georgia,180
'13091','13','091',Dodge County,Georgia,
'13097','13','097',Douglas County,Georgia,
'13109','13','109',Evans County,Georgia,
'13111','13','111',Fannin County,Georgia,
'13113','13','113',Fayette County,Georgia,
'13115','13','115',Floyd County,Georgia,
'13119','13','119',Franklin County,Georgia,
'13121','13','121',Fulton County,Georgia,-18
'13123','13','123',Gilmer County,Georgia,-34
'13135','13','135',Gwinnett County,Georgia,-101
'13137','13','137',Habersham County,Georgia,
'13149','13','149',Heard County,Georgia,
'13151','13','151',Henry County,Georgia,
'13153','13','153',Houston County,Georgia,
'13177','13','177',Lee County,Georgia,
'13179','13','179',Liberty County,Georgia,
'13185','13','185',Lowndes County,Georgia,
'13193','13','193',Macon County,Georgia,
'13195','13','195',Madison County,Georgia,
'13211','13','211',Morgan County,Georgia,
'13215','13','215',Muscogee County,Georgia,
'13217','13','217',Newton County,Georgia,
'13223','13','223',Paulding County,Georgia,
'13225','13','225',Peach County,Georgia,
'13231','13','231',Pike County,Georgia,
'13237','13','237',Putnam County,Georgia,
'13241','13','241',Rabun County,Georgia,
'13245','13','245',Richmond County,Georgia,-69
'13247','13','247',Rockdale County,Georgia,-74
'13261','13','261',Sumter County,Georgia,
'13263','13','263',Talbot County,Georgia,
'13281','13','281',Towns County,Georgia,
'13293','13','293',Upson County,Georgia,25
'13295','13','295',Walker County,Georgia,
'13313','13','313',Whitfield County,Georgia,
'15001','15','001',Hawaii County,Hawaii,94
'15003','15','003',Honolulu County,Hawaii,15
'15007','15','007',Kauai County,Hawaii,-39
'15009','15','009',Maui County,Hawaii,-28
'16001','16','001',Ada County,Idaho,-346
'16005','16','005',Bannock County,Idaho,
'16007','16','007',Bear Lake County,Idaho,
'16011','16','011',Bingham County,Idaho,
'16013','16','013',Blaine County,Idaho,65
'16015','16','015',Boise County,Idaho,
'16017','16','017',Bonner County,Idaho,
'16019','16','019',Bonneville County,Idaho,
'16021','16','021',Boundary County,Idaho,19
'16023','16','023',Butte County,Idaho,
'16027','16','027',Canyon County,Idaho,-63
'16029','16','029',Caribou County,Idaho,
'16031','16','031',Cassia County,Idaho,
'16033','16','033',Clark County,Idaho,
'16039','16','039',Elmore County,Idaho,
'16041','16','041',Franklin County,Idaho,
'16043','16','043',Fremont County,Idaho,
'16049','16','049',Idaho County,Idaho,
'16055','16','055',Kootenai County,Idaho,20
'16057','16','057',Latah County,Idaho,
'16059','16','059',Lemhi County,Idaho,
'16065','16','065',Madison County,Idaho,
'16067','16','067',Minidoka County,Idaho,
'16069','16','069',Nez Perce County,Idaho,
'16075','16','075',Payette County,Idaho,
'16077','16','077',Power County,Idaho,
'16079','16','079',Shoshone County,Idaho,
'16081','16','081',Teton County,Idaho,
'16083','16','083',Twin Falls County,Idaho,
'17001','17','001',Adams County,Illinois,55
'17005','17','005',Bond County,Illinois,
'17019','17','019',Champaign County,Illinois,49
'17021','17','021',Christian County,Illinois,0
'17029','17','029',Coles County,Illinois,
'17031','17','031',Cook County,Illinois,715
'17037','17','037',DeKalb County,Illinois,
'17041','17','041',Douglas County,Illinois,
'17043','17','043',DuPage County,Illinois,59
'17067','17','067',Hancock County,Illinois,
'17075','17','075',Iroquois County,Illinois,
'17077','17','077',Jackson County,Illinois,
'17081','17','081',Jefferson County,Illinois,-16
'17083','17','083',Jersey County,Illinois,
'17089','17','089',Kane County,Illinois,-49
'17091','17','091',Kankakee County,Illinois,78
'17093','17','093',Kendall County,Illinois,
'17097','17','097',Lake County,Illinois,81
'17099','17','099',LaSalle County,Illinois,
'17101','17','101',Lawrence County,Illinois,-59
'17103','17','103',Lee County,Illinois,
'17111','17','111',McHenry County,Illinois,
'17113','17','113',McLean County,Illinois,
'17115','17','115',Macon County,Illinois,
'17119','17','119',Madison County,Illinois,36
'17123','17','123',Marshall County,Illinois,
'17143','17','143',Peoria County,Illinois,
'17161','17','161',Rock Island County,Illinois,
'17163','17','163',St. Clair County,Illinois,
'17165','17','165',Saline County,Illinois,
'17167','17','167',Sangamon County,Illinois,
'17175','17','175',Stark County,Illinois,
'17179','17','179',Tazewell County,Illinois,
'17183','17','183',Vermilion County,Illinois,
'17195','17','195',Whiteside County,Illinois,
'17197','17','197',Will County,Illinois,-22
'17201','17','201',Winnebago County,Illinois,46
'18003','18','003',Allen County,Indiana,
'18005','18','005',Bartholomew County,Indiana,
'18021','18','021',Clay County,Indiana,
'18033','18','033',DeKalb County,Indiana,
'18035','18','035',Delaware County,Indiana,
'18039','18','039',Elkhart County,Indiana,
'18043','18','043',Floyd County,Indiana,45
'18053','18','053',Grant County,Indiana,
'18057','18','057',Hamilton County,Indiana,
'18059','18','059',Hancock County,Indiana,
'18063','18','063',Hendricks County,Indiana,
'18067','18','067',Howard County,Indiana,
'18071','18','071',Jackson County,Indiana,
'18073','18','073',Jasper County,Indiana,
'18089','18','089',Lake County,Indiana,29
'18091','18','091',LaPorte County,Indiana,
'18097','18','097',Marion County,Indiana,-41
'18099','18','099',Marshall County,Indiana,
'18105','18','105',Monroe County,Indiana,40
'18107','18','107',Montgomery County,Indiana,
'18123','18','123',Perry County,Indiana,
'18127','18','127',Porter County,Indiana,
'18129','18','129',Posey County,Indiana,
'18133','18','133',Putnam County,Indiana,
'18141','18','141',St. Joseph County,Indiana,173
'18145','18','145',Shelby County,Indiana,
'18151','18','151',Steuben County,Indiana,
'18157','18','157',Tippecanoe County,Indiana,-18
'18163','18','163',Vanderburgh County,Indiana,0
'18167','18','167',Vigo County,Indiana,-34
'18169','18','169',Wabash County,Indiana,
'18177','18','177',Wayne County,Indiana,
'19013','19','013',Black Hawk County,Iowa,
'19021','19','021',Buena Vista County,Iowa,
'19025','19','025',Calhoun County,Iowa,
'19029','19','029',Cass County,Iowa,
'19045','19','045',Clinton County,Iowa,
'19047','19','047',Crawford County,Iowa,
'19049','19','049',Dallas County,Iowa,-18
'19053','19','053',Decatur County,Iowa,
'19057','19','057',Des Moines County,Iowa,
'19061','19','061',Dubuque County,Iowa,-52
'19065','19','065',Fayette County,Iowa,-14
'19081','19','081',Hancock County,Iowa,
'19083','19','083',Hardin County,Iowa,
'19095','19','095',Iowa County,Iowa,
'19101','19','101',Jefferson County,Iowa,
'19103','19','103',Johnson County,Iowa,
'19111','19','111',Lee County,Iowa,
'19113','19','113',Linn County,Iowa,29
'19123','19','123',Mahaska County,Iowa,
'19127','19','127',Marshall County,Iowa,
'19153','19','153',Polk County,Iowa,28
'19155','19','155',Pottawattamie County,Iowa,
'19157','19','157',Poweshiek County,Iowa,-9
'19159','19','159',Ringgold County,Iowa,
'19163','19','163',Scott County,Iowa,
'19167','19','167',Sioux County,Iowa,
'19169','19','169',Story County,Iowa,
'19171','19','171',Tama County,Iowa,
'19179','19','179',Wapello County,Iowa,
'19183','19','183',Washington County,Iowa,
'19191','19','191',Winneshiek County,Iowa,-24
'19193','19','193',Woodbury County,Iowa,
'19197','19','197',Wright County,Iowa,
'20007','20','007',Barber County,Kansas,
'20009','20','009',Barton County,Kansas,
'20017','20','017',Chase County,Kansas,
'20023','20','023',Cheyenne County,Kansas,
'20029','20','029',Cloud County,Kansas,
'20035','20','035',Cowley County,Kansas,
'20037','20','037',Crawford County,Kansas,
'20045','20','045',Douglas County,Kansas,106
'20051','20','051',Ellis County,Kansas,
'20061','20','061',Geary County,Kansas,
'20069','20','069',Gray County,Kansas,
'20091','20','091',Johnson County,Kansas,-8
'20103','20','103',Leavenworth County,Kansas,
'20111','20','111',Lyon County,Kansas,
'20123','20','123',Mitchell County,Kansas,
'20125','20','125',Montgomery County,Kansas,
'20157','20','157',Republic County,Kansas,
'20161','20','161',Riley County,Kansas,20
'20169','20','169',Saline County,Kansas,
'20173','20','173',Sedgwick County,Kansas,-191
'20177','20','177',Shawnee County,Kansas,
'20191','20','191',Sumner County,Kansas,
'20195','20','195',Trego County,Kansas,
'20203','20','203',Wichita County,Kansas,
'20209','20','209',Wyandotte County,Kansas,-43
'21001','21','001',Adair County,Kentucky,
'21003','21','003',Allen County,Kentucky,
'21015','21','015',Boone County,Kentucky,
'21021','21','021',Boyle County,Kentucky,
'21029','21','029',Bullitt County,Kentucky,
'21047','21','047',Christian County,Kentucky,
'21051','21','051',Clay County,Kentucky,
'21067','21','067',Fayette County,Kentucky,101
'21093','21','093',Hardin County,Kentucky,-14
'21101','21','101',Henderson County,Kentucky,
'21103','21','103',Henry County,Kentucky,
'21111','21','111',Jefferson County,Kentucky,-3
'21117','21','117',Kenton County,Kentucky,
'21123','21','123',Larue County,Kentucky,
'21151','21','151',Madison County,Kentucky,
'21185','21','185',Oldham County,Kentucky,68
'21211','21','211',Shelby County,Kentucky,
'21227','21','227',Warren County,Kentucky,-27
'21231','21','231',Wayne County,Kentucky,
'21239','21','239',Woodford County,Kentucky,
'22005','22','005',Ascension Parish,Louisiana,
'22009','22','009',Avoyelles Parish,Louisiana,
'22017','22','017',Caddo Parish,Louisiana,
'22019','22','019',Calcasieu Parish,Louisiana,
'22021','22','021',Caldwell Parish,Louisiana,
'22033','22','033',East Baton Rouge Parish,Louisiana,19
'22035','22','035',East Carroll Parish,Louisiana,
'22037','22','037',East Feliciana Parish,Louisiana,
'22047','22','047',Iberville Parish,Louisiana,
'22049','22','049',Jackson Parish,Louisiana,
'22051','22','051',Jefferson Parish,Louisiana,-18
'22055','22','055',Lafayette Parish,Louisiana,2
'22057','22','057',Lafourche Parish,Louisiana,
'22061','22','061',Lincoln Parish,Louisiana,
'22063','22','063',Livingston Parish,Louisiana,
'22071','22','071',Orleans Parish,Louisiana,-10
'22073','22','073',Ouachita Parish,Louisiana,
'22075','22','075',Plaquemines Parish,Louisiana,
'22079','22','079',Rapides Parish,Louisiana,
'22087','22','087',St. Bernard Parish,Louisiana,
'22089','22','089',St. Charles Parish,Louisiana,
'22093','22','093',St. James Parish,Louisiana,
'22099','22','099',St. Martin Parish,Louisiana,
'22103','22','103',St. Tammany Parish,Louisiana,
'22105','22','105',Tangipahoa Parish,Louisiana,-36
'22109','22','109',Terrebonne Parish,Louisiana,
'22115','22','115',Vernon Parish,Louisiana,
'22119','22','119',Webster Parish,Louisiana,
'23001','23','001',Androscoggin County,Maine,
'23003','23','003',Aroostook County,Maine,
'23005','23','005',Cumberland County,Maine,-212
'23009','23','009',Hancock County,Maine,
'23011','23','011',Kennebec County,Maine,
'23015','23','015',Lincoln County,Maine,
'23019','23','019',Penobscot County,Maine,
'23021','23','021',Piscataquis County,Maine,
'23029','23','029',Washington County,Maine,
'23031','23','031',York County,Maine,
'24003','24','003',Anne Arundel County,Maryland,-85
'24005','24','005',Baltimore County,Maryland,200
'24011','24','011',Caroline County,Maryland,
'24013','24','013',Carroll County,Maryland,
'24017','24','017',Charles County,Maryland,12
'24021','24','021',Frederick County,Maryland,-25
'24025','24','025',Harford County,Maryland,
'24027','24','027',Howard County,Maryland,-134
'24029','24','029',Kent County,Maryland,
'24031','24','031',Montgomery County,Maryland,42
'24033','24','033',Prince George's County,Maryland,-33
'24035','24','035',Queen Anne's County,Maryland,
'24037','24','037',St. Mary's County,Maryland,
'24047','24','047',Worcester County,Maryland,
'24510','24','510',Baltimore city,Maryland,14
'25001','25','001',Barnstable County,Massachusetts,
'25003','25','003',Berkshire County,Massachusetts,-40
'25005','25','005',Bristol County,Massachusetts,78
'25007','25','007',Dukes County,Massachusetts,
'25009','25','009',Essex County,Massachusetts,95
'25013','25','013',Hampden County,Massachusetts,
'25015','25','015',Hampshire County,Massachusetts,-80
'25017','25','017',Middlesex County,Massachusetts,175
'25021','25','021',Norfolk County,Massachusetts,16
'25023','25','023',Plymouth County,Massachusetts,-42
'25025','25','025',Suffolk County,Massachusetts,553
'25027','25','027',Worcester County,Massachusetts,4
'26009','26','009',Antrim County,Michigan,
'26013','26','013',Baraga County,Michigan,
'26017','26','017',Bay County,Michigan,
'26021','26','021',Berrien County,Michigan,
'26025','26','025',Calhoun County,Michigan,
'26029','26','029',Charlevoix County,Michigan,
'26033','26','033',Chippewa County,Michigan,
'26035','26','035',Clare County,Michigan,45
'26037','26','037',Clinton County,Michigan,
'26039','26','039',Crawford County,Michigan,
'26047','26','047',Emmet County,Michigan,
'26049','26','049',Genesee County,Michigan,-17
'26053','26','053',Gogebic County,Michigan,
'26055','26','055',Grand Traverse County,Michigan,
'26057','26','057',Gratiot County,Michigan,
'26059','26','059',Hillsdale County,Michigan,
'26063','26','063',Huron County,Michigan,
'26065','26','065',Ingham County,Michigan,-39
'26075','26','075',Jackson County,Michigan,
'26077','26','077',Kalamazoo County,Michigan,-5
'26081','26','081',Kent County,Michigan,96
'26085','26','085',Lake County,Michigan,
'26091','26','091',Lenawee County,Michigan,
'26093','26','093',Livingston County,Michigan,
'26099','26','099',Macomb County,Michigan,23
'26103','26','103',Marquette County,Michigan,
'26107','26','107',Mecosta County,Michigan,
'26111','26','111',Midland County,Michigan,
'26115','26','115',Monroe County,Michigan,-31
'26121','26','121',Muskegon County,Michigan,-15
'26125','26','125',Oakland County,Michigan,68
'26137','26','137',Otsego County,Michigan,
'26139','26','139',Ottawa County,Michigan,-72
'26143','26','143',Roscommon County,Michigan,
'26145','26','145',Saginaw County,Michigan,
'26147','26','147',St. Clair County,Michigan,
'26149','26','149',St. Joseph County,Michigan,
'26159','26','159',Van Buren County,Michigan,
'26161','26','161',Washtenaw County,Michigan,93
'26163','26','163',Wayne County,Michigan,317
'26165','26','165',Wexford County,Michigan,
'27001','27','001',Aitkin County,Minnesota,
'27003','27','003',Anoka County,Minnesota,
'27007','27','007',Beltrami County,Minnesota,
'27013','27','013',Blue Earth County,Minnesota,
'27017','27','017',Carlton County,Minnesota,
'27019','27','019',Carver County,Minnesota,
'27021','27','021',Cass County,Minnesota,
'27033','27','033',Cottonwood County,Minnesota,
'27035','27','035',Crow Wing County,Minnesota,
'27037','27','037',Dakota County,Minnesota,-27
'27039','27','039',Dodge County,Minnesota,
'27041','27','041',Douglas County,Minnesota,
'27043','27','043',Faribault County,Minnesota,
'27045','27','045',Fillmore County,Minnesota,127
'27053','27','053',Hennepin County,Minnesota,-302
'27061','27','061',Itasca County,Minnesota,
'27079','27','079',Le Sueur County,Minnesota,
'27083','27','083',Lyon County,Minnesota,
'27085','27','085',McLeod County,Minnesota,
'27097','27','097',Morrison County,Minnesota,
'27109','27','109',Olmsted County,Minnesota,
'27113','27','113',Pennington County,Minnesota,
'27119','27','119',Polk County,Minnesota,0
'27121','27','121',Pope County,Minnesota,
'27123','27','123',Ramsey County,Minnesota,5
'27131','27','131',Rice County,Minnesota,-22
'27137','27','137',St. Louis County,Minnesota,
'27139','27','139',Scott County,Minnesota,
'27141','27','141',Sherburne County,Minnesota,
'27143','27','143',Sibley County,Minnesota,
'27145','27','145',Stearns County,Minnesota,
'27149','27','149',Stevens County,Minnesota,
'27151','27','151',Swift County,Minnesota,
'27157','27','157',Wabasha County,Minnesota,
'27163','27','163',Washington County,Minnesota,-100
'27169','27','169',Winona County,Minnesota,
'27173','27','173',Yellow Medicine County,Minnesota,
'28001','28','001',Adams County,Mississippi,
'28003','28','003',Alcorn County,Mississippi,
'28005','28','005',Amite County,Mississippi,
'28007','28','007',Attala County,Mississippi,
'28011','28','011',Bolivar County,Mississippi,
'28013','28','013',Calhoun County,Mississippi,
'28027','28','027',Coahoma County,Mississippi,
'28033','28','033',DeSoto County,Mississippi,44
'28035','28','035',Forrest County,Mississippi,-8
'28045','28','045',Hancock County,Mississippi,
'28047','28','047',Harrison County,Mississippi,-29
'28049','28','049',Hinds County,Mississippi,
'28059','28','059',Jackson County,Mississippi,
'28075','28','075',Lauderdale County,Mississippi,
'28077','28','077',Lawrence County,Mississippi,
'28081','28','081',Lee County,Mississippi,
'28087','28','087',Lowndes County,Mississippi,
'28089','28','089',Madison County,Mississippi,
'28091','28','091',Marion County,Mississippi,
'28093','28','093',Marshall County,Mississippi,
'28113','28','113',Pike County,Mississippi,
'28121','28','121',Rankin County,Mississippi,
'28135','28','135',Tallahatchie County,Mississippi,-54
'28151','28','151',Washington County,Mississippi,
'28163','28','163',Yazoo County,Mississippi,
'29003','29','003',Andrew County,Missouri,
'29019','29','019',Boone County,Missouri,
'29021','29','021',Buchanan County,Missouri,
'29023','29','023',Butler County,Missouri,
'29027','29','027',Callaway County,Missouri,
'29037','29','037',Cass County,Missouri,
'29047','29','047',Clay County,Missouri,-8
'29051','29','051',Cole County,Missouri,
'29063','29','063',DeKalb County,Missouri,
'29067','29','067',Douglas County,Missouri,
'29077','29','077',Greene County,Missouri,69
'29083','29','083',Henry County,Missouri,
'29089','29','089',Howard County,Missouri,
'29095','29','095',Jackson County,Missouri,44
'29097','29','097',Jasper County,Missouri,
'29099','29','099',Jefferson County,Missouri,
'29101','29','101',Johnson County,Missouri,-10
'29103','29','103',Knox County,Missouri,
'29111','29','111',Lewis County,Missouri,
'29117','29','117',Livingston County,Missouri,
'29119','29','119',McDonald County,Missouri,
'29127','29','127',Marion County,Missouri,
'29145','29','145',Newton County,Missouri,-14
'29149','29','149',Oregon County,Missouri,
'29159','29','159',Pettis County,Missouri,
'29165','29','165',Platte County,Missouri,
'29169','29','169',Pulaski County,Missouri,
'29177','29','177',Ray County,Missouri,
'29183','29','183',St. Charles County,Missouri,-102
'29189','29','189',St. Louis County,Missouri,98
'29195','29','195',Saline County,Missouri,-11
'29211','29','211',Sullivan County,Missouri,
'29219','29','219',Warren County,Missouri,
'29225','29','225',Webster County,Missouri,
'29510','29','510',St. Louis city,Missouri,37
'30005','30','005',Blaine County,Montana,
'30007','30','007',Broadwater County,Montana,
'30009','30','009',Carbon County,Montana,
'30013','30','013',Cascade County,Montana,1
'30017','30','017',Custer County,Montana,
'30023','30','023',Deer Lodge County,Montana,
'30027','30','027',Fergus County,Montana,
'30029','30','029',Flathead County,Montana,
'30031','30','031',Gallatin County,Montana,
'30041','30','041',Hill County,Montana,
'30047','30','047',Lake County,Montana,
'30049','30','049',Lewis and Clark County,Montana,-39
'30053','30','053',Lincoln County,Montana,
'30057','30','057',Madison County,Montana,
'30063','30','063',Missoula County,Montana,
'30081','30','081',Ravalli County,Montana,
'30089','30','089',Sanders County,Montana,
'30111','30','111',Yellowstone County,Montana,
'31013','31','013',Box Butte County,Nebraska,
'31019','31','019',Buffalo County,Nebraska,
'31025','31','025',Cass County,Nebraska,
'31027','31','027',Cedar County,Nebraska,
'31037','31','037',Colfax County,Nebraska,
'31041','31','041',Custer County,Nebraska,
'31053','31','053',Dodge County,Nebraska,
'31055','31','055',Douglas County,Nebraska,-77
'31079','31','079',Hall County,Nebraska,
'31085','31','085',Hayes County,Nebraska,
'31109','31','109',Lancaster County,Nebraska,-182
'31111','31','111',Lincoln County,Nebraska,
'31121','31','121',Merrick County,Nebraska,
'31133','31','133',Pawnee County,Nebraska,
'31143','31','143',Polk County,Nebraska,
'31145','31','145',Red Willow County,Nebraska,
'31153','31','153',Sarpy County,Nebraska,
'31159','31','159',Seward County,Nebraska,
'31177','31','177',Washington County,Nebraska,
'32001','32','001',Churchill County,Nevada,
'32003','32','003',Clark County,Nevada,-2117
'32005','32','005',Douglas County,Nevada,55
'32007','32','007',Elko County,Nevada,
'32013','32','013',Humboldt County,Nevada,
'32015','32','015',Lander County,Nevada,
'32017','32','017',Lincoln County,Nevada,
'32019','32','019',Lyon County,Nevada,
'32023','32','023',Nye County,Nevada,-127
'32027','32','027',Pershing County,Nevada,
'32029','32','029',Storey County,Nevada,
'32031','32','031',Washoe County,Nevada,-250
'32033','32','033',White Pine County,Nevada,
'32510','32','510',Carson City,Nevada,6
'33001','33','001',Belknap County,New Hampshire,
'33003','33','003',Carroll County,New Hampshire,
'33005','33','005',Cheshire County,New Hampshire,
'33007','33','007',Coos County,New Hampshire,
'33009','33','009',Grafton County,New Hampshire,-55
'33011','33','011',Hillsborough County,New Hampshire,
'33013','33','013',Merrimack County,New Hampshire,
'33015','33','015',Rockingham County,New Hampshire,22
'33017','33','017',Strafford County,New Hampshire,
'34001','34','001',Atlantic County,New Jersey,
'34003','34','003',Bergen County,New Jersey,231
'34005','34','005',Burlington County,New Jersey,
'34007','34','007',Camden County,New Jersey,93
'34009','34','009',Cape May County,New Jersey,
'34013','34','013',Essex County,New Jersey,248
'34015','34','015',Gloucester County,New Jersey,
'34017','34','017',Hudson County,New Jersey,156
'34019','34','019',Hunterdon County,New Jersey,
'34021','34','021',Mercer County,New Jersey,-143
'34023','34','023',Middlesex County,New Jersey,25
'34025','34','025',Monmouth County,New Jersey,-16
'34027','34','027',Morris County,New Jersey,42
'34029','34','029',Ocean County,New Jersey,13
'34031','34','031',Passaic County,New Jersey,
'34033','34','033',Salem County,New Jersey,
'34035','34','035',Somerset County,New Jersey,125
'34037','34','037',Sussex County,New Jersey,
'34039','34','039',Union County,New Jersey,268
'34041','34','041',Warren County,New Jersey,
'35001','35','001',Bernalillo County,New Mexico,-176
'35005','35','005',Chaves County,New Mexico,9
'35006','35','006',Cibola County,New Mexico,
'35009','35','009',Curry County,New Mexico,-36
'35013','35','013',Dona Ana County,New Mexico,
'35015','35','015',Eddy County,New Mexico,
'35017','35','017',Grant County,New Mexico,
'35019','35','019',Guadalupe County,New Mexico,
'35025','35','025',Lea County,New Mexico,
'35027','35','027',Lincoln County,New Mexico,
'35028','35','028',Los Alamos County,New Mexico,
'35029','35','029',Luna County,New Mexico,
'35031','35','031',McKinley County,New Mexico,
'35035','35','035',Otero County,New Mexico,
'35043','35','043',Sandoval County,New Mexico,119
'35045','35','045',San Juan County,New Mexico,-35
'35047','35','047',San Miguel County,New Mexico,-5
'35049','35','049',Santa Fe County,New Mexico,-7
'35055','35','055',Taos County,New Mexico,
'36001','36','001',Albany County,New York,41
'36003','36','003',Allegany County,New York,0
'36005','36','005',Bronx County,New York,8
'36007','36','007',Broome County,New York,
'36019','36','019',Clinton County,New York,
'36025','36','025',Delaware County,New York,
'36027','36','027',Dutchess County,New York,0
'36029','36','029',Erie County,New York,73
'36031','36','031',Essex County,New York,
'36039','36','039',Greene County,New York,
'36043','36','043',Herkimer County,New York,
'36045','36','045',Jefferson County,New York,-13
'36047','36','047',Kings County,New York,1386
'36051','36','051',Livingston County,New York,
'36053','36','053',Madison County,New York,
'36055','36','055',Monroe County,New York,-66
'36059','36','059',Nassau County,New York,-113
'36061','36','061',New York County,New York,403
'36063','36','063',Niagara County,New York,
'36065','36','065',Oneida County,New York,
'36067','36','067',Onondaga County,New York,17
'36069','36','069',Ontario County,New York,
'36071','36','071',Orange County,New York,
'36075','36','075',Oswego County,New York,
'36077','36','077',Otsego County,New York,
'36079','36','079',Putnam County,New York,
'36081','36','081',Queens County,New York,124
'36083','36','083',Rensselaer County,New York,-58
'36085','36','085',Richmond County,New York,
'36087','36','087',Rockland County,New York,
'36089','36','089',St. Lawrence County,New York,
'36091','36','091',Saratoga County,New York,
'36093','36','093',Schenectady County,New York,
'36099','36','099',Seneca County,New York,
'36101','36','101',Steuben County,New York,
'36103','36','103',Suffolk County,New York,-68
'36105','36','105',Sullivan County,New York,
'36109','36','109',Tompkins County,New York,28
'36111','36','111',Ulster County,New York,-21
'36113','36','113',Warren County,New York,
'36115','36','115',Washington County,New York,
'36117','36','117',Wayne County,New York,
'36119','36','119',Westchester County,New York,369
'37001','37','001',Alamance County,North Carolina,
'37019','37','019',Brunswick County,North Carolina,52
'37021','37','021',Buncombe County,North Carolina,
'37025','37','025',Cabarrus County,North Carolina,
'37027','37','027',Caldwell County,North Carolina,
'37031','37','031',Carteret County,North Carolina,
'37035','37','035',Catawba County,North Carolina,
'37045','37','045',Cleveland County,North Carolina,
'37047','37','047',Columbus County,North Carolina,
'37049','37','049',Craven County,North Carolina,25
'37051','37','051',Cumberland County,North Carolina,
'37055','37','055',Dare County,North Carolina,
'37057','37','057',Davidson County,North Carolina,
'37063','37','063',Durham County,North Carolina,-132
'37067','37','067',Forsyth County,North Carolina,
'37071','37','071',Gaston County,North Carolina,
'37081','37','081',Guilford County,North Carolina,0
'37085','37','085',Harnett County,North Carolina,
'37087','37','087',Haywood County,North Carolina,-36
'37089','37','089',Henderson County,North Carolina,
'37091','37','091',Hertford County,North Carolina,
'37093','37','093',Hoke County,North Carolina,
'37097','37','097',Iredell County,North Carolina,62
'37119','37','119',Mecklenburg County,North Carolina,-46
'37129','37','129',New Hanover County,North Carolina,
'37133','37','133',Onslow County,North Carolina,58
'37135','37','135',Orange County,North Carolina,
'37139','37','139',Pasquotank County,North Carolina,
'37147','37','147',Pitt County,North Carolina,
'37149','37','149',Polk County,North Carolina,
'37151','37','151',Randolph County,North Carolina,
'37153','37','153',Richmond County,North Carolina,
'37157','37','157',Rockingham County,North Carolina,
'37165','37','165',Scotland County,North Carolina,
'37167','37','167',Stanly County,North Carolina,
'37179','37','179',Union County,North Carolina,
'37183','37','183',Wake County,North Carolina,-86
'37189','37','189',Watauga County,North Carolina,
'37195','37','195',Wilson County,North Carolina,
'38009','38','009',Bottineau County,North Dakota,
'38015','38','015',Burleigh County,North Dakota,
'38017','38','017',Cass County,North Dakota,
'38035','38','035',Grand Forks County,North Dakota,
'38053','38','053',McKenzie County,North Dakota,
'38061','38','061',Mountrail County,North Dakota,
'38083','38','083',Sheridan County,North Dakota,
'38085','38','085',Sioux County,North Dakota,
'38089','38','089',Stark County,North Dakota,
'38093','38','093',Stutsman County,North Dakota,
'38097','38','097',Traill County,North Dakota,
'38101','38','101',Ward County,North Dakota,-20
'39009','39','009',Athens County,Ohio,-35
'39013','39','013',Belmont County,Ohio,
'39015','39','015',Brown County,Ohio,
'39017','39','017',Butler County,Ohio,
'39023','39','023',Clark County,Ohio,
'39025','39','025',Clermont County,Ohio,
'39027','39','027',Clinton County,Ohio,
'39029','39','029',Columbiana County,Ohio,
'39033','39','033',Crawford County,Ohio,
'39035','39','035',Cuyahoga County,Ohio,-4
'39037','39','037',Darke County,Ohio,
'39041','39','041',Delaware County,Ohio,
'39045','39','045',Fairfield County,Ohio,
'39049','39','049',Franklin County,Ohio,128
'39055','39','055',Geauga County,Ohio,
'39057','39','057',Greene County,Ohio,
'39059','39','059',Guernsey County,Ohio,
'39061','39','061',Hamilton County,Ohio,37
'39063','39','063',Hancock County,Ohio,
'39069','39','069',Henry County,Ohio,
'39081','39','081',Jefferson County,Ohio,
'39083','39','083',Knox County,Ohio,-40
'39085','39','085',Lake County,Ohio,
'39089','39','089',Licking County,Ohio,
'39093','39','093',Lorain County,Ohio,
'39095','39','095',Lucas County,Ohio,
'39099','39','099',Mahoning County,Ohio,-71
'39103','39','103',Medina County,Ohio,
'39107','39','107',Mercer County,Ohio,
'39109','39','109',Miami County,Ohio,
'39113','39','113',Montgomery County,Ohio,-27
'39119','39','119',Muskingum County,Ohio,
'39125','39','125',Paulding County,Ohio,
'39129','39','129',Pickaway County,Ohio,
'39133','39','133',Portage County,Ohio,
'39139','39','139',Richland County,Ohio,
'39141','39','141',Ross County,Ohio,
'39143','39','143',Sandusky County,Ohio,
'39151','39','151',Stark County,Ohio,
'39153','39','153',Summit County,Ohio,140
'39155','39','155',Trumbull County,Ohio,
'39165','39','165',Warren County,Ohio,
'39167','39','167',Washington County,Ohio,
'39173','39','173',Wood County,Ohio,
'40009','40','009',Beckham County,Oklahoma,
'40013','40','013',Bryan County,Oklahoma,
'40017','40','017',Canadian County,Oklahoma,
'40019','40','019',Carter County,Oklahoma,
'40021','40','021',Cherokee County,Oklahoma,
'40027','40','027',Cleveland County,Oklahoma,
'40031','40','031',Comanche County,Oklahoma,
'40039','40','039',Custer County,Oklahoma,23
'40041','40','041',Delaware County,Oklahoma,
'40051','40','051',Grady County,Oklahoma,
'40065','40','065',Jackson County,Oklahoma,
'40071','40','071',Kay County,Oklahoma,
'40079','40','079',Le Flore County,Oklahoma,
'40081','40','081',Lincoln County,Oklahoma,
'40097','40','097',Mayes County,Oklahoma,
'40101','40','101',Muskogee County,Oklahoma,-15
'40109','40','109',Oklahoma County,Oklahoma,-109
'40113','40','113',Osage County,Oklahoma,
'40115','40','115',Ottawa County,Oklahoma,
'40117','40','117',Pawnee County,Oklahoma,
'40119','40','119',Payne County,Oklahoma,
'40121','40','121',Pittsburg County,Oklahoma,
'40123','40','123',Pontotoc County,Oklahoma,
'40125','40','125',Pottawatomie County,Oklahoma,
'40131','40','131',Rogers County,Oklahoma,
'40133','40','133',Seminole County,Oklahoma,
'40137','40','137',Stephens County,Oklahoma,
'40143','40','143',Tulsa County,Oklahoma,-171
'40147','40','147',Washington County,Oklahoma,
'41003','41','003',Benton County,Oregon,-19
'41005','41','005',Clackamas County,Oregon,-114
'41007','41','007',Clatsop County,Oregon,
'41011','41','011',Coos County,Oregon,
'41013','41','013',Crook County,Oregon,
'41015','41','015',Curry County,Oregon,
'41017','41','017',Deschutes County,Oregon,-115
'41019','41','019',Douglas County,Oregon,-65
'41023','41','023',Grant County,Oregon,
'41025','41','025',Harney County,Oregon,
'41029','41','029',Jackson County,Oregon,22
'41031','41','031',Jefferson County,Oregon,
'41033','41','033',Josephine County,Oregon,-59
'41035','41','035',Klamath County,Oregon,
'41037','41','037',Lake County,Oregon,
'41039','41','039',Lane County,Oregon,-276
'41041','41','041',Lincoln County,Oregon,
'41043','41','043',Linn County,Oregon,-34
'41045','41','045',Malheur County,Oregon,
'41047','41','047',Marion County,Oregon,-50
'41049','41','049',Morrow County,Oregon,
'41051','41','051',Multnomah County,Oregon,-260
'41053','41','053',Polk County,Oregon,
'41059','41','059',Umatilla County,Oregon,
'41061','41','061',Union County,Oregon,
'41065','41','065',Wasco County,Oregon,
'41067','41','067',Washington County,Oregon,-205
'41071','41','071',Yamhill County,Oregon,-153
'42003','42','003',Allegheny County,Pennsylvania,-208
'42009','42','009',Bedford County,Pennsylvania,
'42011','42','011',Berks County,Pennsylvania,
'42013','42','013',Blair County,Pennsylvania,
'42015','42','015',Bradford County,Pennsylvania,
'42017','42','017',Bucks County,Pennsylvania,
'42019','42','019',Butler County,Pennsylvania,-14
'42021','42','021',Cambria County,Pennsylvania,
'42027','42','027',Centre County,Pennsylvania,-84
'42029','42','029',Chester County,Pennsylvania,-9
'42039','42','039',Crawford County,Pennsylvania,
'42041','42','041',Cumberland County,Pennsylvania,-56
'42043','42','043',Dauphin County,Pennsylvania,
'42045','42','045',Delaware County,Pennsylvania,
'42049','42','049',Erie County,Pennsylvania,57
'42051','42','051',Fayette County,Pennsylvania,
'42055','42','055',Franklin County,Pennsylvania,
'42061','42','061',Huntingdon County,Pennsylvania,
'42063','42','063',Indiana County,Pennsylvania,
'42065','42','065',Jefferson County,Pennsylvania,
'42069','42','069',Lackawanna County,Pennsylvania,
'42071','42','071',Lancaster County,Pennsylvania,24
'42073','42','073',Lawrence County,Pennsylvania,-24
'42077','42','077',Lehigh County,Pennsylvania,
'42079','42','079',Luzerne County,Pennsylvania,37
'42083','42','083',McKean County,Pennsylvania,
'42089','42','089',Monroe County,Pennsylvania,
'42091','42','091',Montgomery County,Pennsylvania,45
'42095','42','095',Northampton County,Pennsylvania,
'42097','42','097',Northumberland County,Pennsylvania,
'42101','42','101',Philadelphia County,Pennsylvania,553
'42103','42','103',Pike County,Pennsylvania,
'42107','42','107',Schuylkill County,Pennsylvania,
'42109','42','109',Snyder County,Pennsylvania,
'42113','42','113',Sullivan County,Pennsylvania,
'42115','42','115',Susquehanna County,Pennsylvania,
'42119','42','119',Union County,Pennsylvania,
'42123','42','123',Warren County,Pennsylvania,
'42125','42','125',Washington County,Pennsylvania,
'42129','42','129',Westmoreland County,Pennsylvania,
'42133','42','133',York County,Pennsylvania,
'44001','44','001',Bristol County,Rhode Island,
'44003','44','003',Kent County,Rhode Island,18
'44005','44','005',Newport County,Rhode Island,
'44007','44','007',Providence County,Rhode Island,-61
'44009','44','009',Washington County,Rhode Island,
'45003','45','003',Aiken County,South Carolina,
'45013','45','013',Beaufort County,South Carolina,
'45015','45','015',Berkeley County,South Carolina,
'45019','45','019',Charleston County,South Carolina,57
'45023','45','023',Chester County,South Carolina,
'45029','45','029',Colleton County,South Carolina,
'45031','45','031',Darlington County,South Carolina,
'45035','45','035',Dorchester County,South Carolina,-89
'45045','45','045',Greenville County,South Carolina,-53
'45049','45','049',Hampton County,South Carolina,-5
'45051','45','051',Horry County,South Carolina,
'45063','45','063',Lexington County,South Carolina,
'45073','45','073',Oconee County,South Carolina,
'45079','45','079',Richland County,South Carolina,
'45083','45','083',Spartanburg County,South Carolina,
'45085','45','085',Sumter County,South Carolina,
'45091','45','091',York County,South Carolina,
'46011','46','011',Brookings County,South Dakota,
'46019','46','019',Butte County,South Dakota,
'46027','46','027',Clay County,South Dakota,
'46033','46','033',Custer County,South Dakota,
'46047','46','047',Fall River County,South Dakota,
'46057','46','057',Hamlin County,South Dakota,
'46059','46','059',Hand County,South Dakota,
'46081','46','081',Lawrence County,South Dakota,
'46083','46','083',Lincoln County,South Dakota,
'46099','46','099',Minnehaha County,South Dakota,75
'46101','46','101',Moody County,South Dakota,
'46103','46','103',Pennington County,South Dakota,
'46105','46','105',Perkins County,South Dakota,
'46109','46','109',Roberts County,South Dakota,
'46115','46','115',Spink County,South Dakota,
'46127','46','127',Union County,South Dakota,
'46135','46','135',Yankton County,South Dakota,
'47001','47','001',Anderson County,Tennessee,
'47003','47','003',Bedford County,Tennessee,
'47007','47','007',Bledsoe County,Tennessee,
'47009','47','009',Blount County,Tennessee,
'47013','47','013',Campbell County,Tennessee,
'47037','47','037',Davidson County,Tennessee,-25
'47043','47','043',Dickson County,Tennessee,
'47063','47','063',Hamblen County,Tennessee,
'47065','47','065',Hamilton County,Tennessee,
'47089','47','089',Jefferson County,Tennessee,
'47091','47','091',Johnson County,Tennessee,
'47093','47','093',Knox County,Tennessee,
'47105','47','105',Loudon County,Tennessee,
'47107','47','107',McMinn County,Tennessee,
'47113','47','113',Madison County,Tennessee,
'47115','47','115',Marion County,Tennessee,
'47119','47','119',Maury County,Tennessee,
'47123','47','123',Monroe County,Tennessee,
'47125','47','125',Montgomery County,Tennessee,-19
'47141','47','141',Putnam County,Tennessee,
'47143','47','143',Rhea County,Tennessee,
'47145','47','145',Roane County,Tennessee,
'47147','47','147',Robertson County,Tennessee,
'47149','47','149',Rutherford County,Tennessee,
'47155','47','155',Sevier County,Tennessee,
'47157','47','157',Shelby County,Tennessee,134
'47161','47','161',Stewart County,Tennessee,
'47163','47','163',Sullivan County,Tennessee,
'47165','47','165',Sumner County,Tennessee,
'47167','47','167',Tipton County,Tennessee,
'47179','47','179',Washington County,Tennessee,
'47187','47','187',Williamson County,Tennessee,-142
'47189','47','189',Wilson County,Tennessee,
'48005','48','005',Angelina County,Texas,
'48025','48','025',Bee County,Texas,
'48027','48','027',Bell County,Texas,-121
'48029','48','029',Bexar County,Texas,-338
'48037','48','037',Bowie County,Texas,
'48039','48','039',Brazoria County,Texas,
'48041','48','041',Brazos County,Texas,-16
'48043','48','043',Brewster County,Texas,
'48051','48','051',Burleson County,Texas,
'48053','48','053',Burnet County,Texas,
'48055','48','055',Caldwell County,Texas,
'48061','48','061',Cameron County,Texas,
'48085','48','085',Collin County,Texas,42
'48091','48','091',Comal County,Texas,-69
'48095','48','095',Concho County,Texas,
'48099','48','099',Coryell County,Texas,-66
'48109','48','109',Culberson County,Texas,
'48111','48','111',Dallam County,Texas,
'48113','48','113',Dallas County,Texas,-553
'48115','48','115',Dawson County,Texas,
'48121','48','121',Denton County,Texas,-499
'48135','48','135',Ector County,Texas,-25
'48139','48','139',Ellis County,Texas,
'48141','48','141',El Paso County,Texas,202
'48143','48','143',Erath County,Texas,
'48147','48','147',Fannin County,Texas,
'48151','48','151',Fisher County,Texas,
'48157','48','157',Fort Bend County,Texas,75
'48159','48','159',Franklin County,Texas,
'48165','48','165',Gaines County,Texas,
'48167','48','167',Galveston County,Texas,18
'48169','48','169',Garza County,Texas,
'48179','48','179',Gray County,Texas,
'48181','48','181',Grayson County,Texas,
'48183','48','183',Gregg County,Texas,-55
'48199','48','199',Hardin County,Texas,
'48201','48','201',Harris County,Texas,-1082
'48203','48','203',Harrison County,Texas,
'48209','48','209',Hays County,Texas,
'48213','48','213',Henderson County,Texas,-54
'48215','48','215',Hidalgo County,Texas,
'48221','48','221',Hood County,Texas,
'48223','48','223',Hopkins County,Texas,
'48227','48','227',Howard County,Texas,-37
'48229','48','229',Hudspeth County,Texas,
'48231','48','231',Hunt County,Texas,
'48233','48','233',Hutchinson County,Texas,
'48243','48','243',Jeff Davis County,Texas,
'48245','48','245',Jefferson County,Texas,-29
'48253','48','253',Jones County,Texas,
'48257','48','257',Kaufman County,Texas,
'48259','48','259',Kendall County,Texas,
'48277','48','277',Lamar County,Texas,
'48293','48','293',Limestone County,Texas,
'48297','48','297',Live Oak County,Texas,
'48303','48','303',Lubbock County,Texas,
'48309','48','309',McLennan County,Texas,
'48315','48','315',Marion County,Texas,
'48321','48','321',Matagorda County,Texas,
'48323','48','323',Maverick County,Texas,
'48329','48','329',Midland County,Texas,
'48337','48','337',Montague County,Texas,
'48339','48','339',Montgomery County,Texas,-120
'48343','48','343',Morris County,Texas,
'48347','48','347',Nacogdoches County,Texas,
'48349','48','349',Navarro County,Texas,
'48355','48','355',Nueces County,Texas,-79
'48361','48','361',Orange County,Texas,
'48367','48','367',Parker County,Texas,-77
'48373','48','373',Polk County,Texas,
'48375','48','375',Potter County,Texas,
'48381','48','381',Randall County,Texas,
'48389','48','389',Reeves County,Texas,-27
'48397','48','397',Rockwall County,Texas,
'48417','48','417',Shackelford County,Texas,
'48423','48','423',Smith County,Texas,
'48437','48','437',Swisher County,Texas,
'48439','48','439',Tarrant County,Texas,-365
'48441','48','441',Taylor County,Texas,
'48445','48','445',Terry County,Texas,
'48449','48','449',Titus County,Texas,
'48451','48','451',Tom Green County,Texas,-5
'48453','48','453',Travis County,Texas,-186
'48457','48','457',Tyler County,Texas,
'48465','48','465',Val Verde County,Texas,
'48469','48','469',Victoria County,Texas,
'48471','48','471',Walker County,Texas,
'48473','48','473',Waller County,Texas,
'48477','48','477',Washington County,Texas,
'48479','48','479',Webb County,Texas,-33
'48485','48','485',Wichita County,Texas,
'48491','48','491',Williamson County,Texas,-164
'48497','48','497',Wise County,Texas,
'48499','48','499',Wood County,Texas,
'49001','49','001',Beaver County,Utah,
'49003','49','003',Box Elder County,Utah,
'49005','49','005',Cache County,Utah,-126
'49011','49','011',Davis County,Utah,51
'49013','49','013',Duchesne County,Utah,
'49017','49','017',Garfield County,Utah,
'49019','49','019',Grand County,Utah,
'49021','49','021',Iron County,Utah,
'49027','49','027',Millard County,Utah,
'49035','49','035',Salt Lake County,Utah,-339
'49041','49','041',Sevier County,Utah,
'49043','49','043',Summit County,Utah,
'49045','49','045',Tooele County,Utah,
'49049','49','049',Utah County,Utah,-486
'49051','49','051',Wasatch County,Utah,-42
'49053','49','053',Washington County,Utah,19
'49055','49','055',Wayne County,Utah,
'49057','49','057',Weber County,Utah,50
'50001','50','001',Addison County,Vermont,
'50003','50','003',Bennington County,Vermont,
'50005','50','005',Caledonia County,Vermont,
'50007','50','007',Chittenden County,Vermont,-13
'50013','50','013',Grand Isle County,Vermont,
'50015','50','015',Lamoille County,Vermont,
'50019','50','019',Orleans County,Vermont,
'50021','50','021',Rutland County,Vermont,
'50023','50','023',Washington County,Vermont,
'50027','50','027',Windsor County,Vermont,
'51001','51','001',Accomack County,Virginia,
'51003','51','003',Albemarle County,Virginia,-57
'51005','51','005',Alleghany County,Virginia,
'51013','51','013',Arlington County,Virginia,-8
'51015','51','015',Augusta County,Virginia,
'51041','51','041',Chesterfield County,Virginia,
'51051','51','051',Dickenson County,Virginia,
'51059','51','059',Fairfax County,Virginia,-54
'51061','51','061',Fauquier County,Virginia,
'51065','51','065',Fluvanna County,Virginia,
'51069','51','069',Frederick County,Virginia,
'51071','51','071',Giles County,Virginia,
'51073','51','073',Gloucester County,Virginia,
'51087','51','087',Henrico County,Virginia,
'51089','51','089',Henry County,Virginia,
'51099','51','099',King George County,Virginia,
'51107','51','107',Loudoun County,Virginia,-223
'51121','51','121',Montgomery County,Virginia,-1
'51135','51','135',Nottoway County,Virginia,
'51153','51','153',Prince William County,Virginia,61
'51165','51','165',Rockingham County,Virginia,
'51171','51','171',Shenandoah County,Virginia,
'51173','51','173',Smyth County,Virginia,
'51179','51','179',Stafford County,Virginia,
'51185','51','185',Tazewell County,Virginia,
'51187','51','187',Warren County,Virginia,
'51191','51','191',Washington County,Virginia,
'51197','51','197',Wythe County,Virginia,
'51199','51','199',York County,Virginia,
'51510','51','510',Alexandria city,Virginia,79
'51520','51','520',Bristol city,Virginia,
'51540','51','540',Charlottesville city,Virginia,23
'51550','51','550',Chesapeake city,Virginia,-40
'51590','51','590',Danville city,Virginia,
'51600','51','600',Fairfax city,Virginia,
'51610','51','610',Falls Church city,Virginia,
'51650','51','650',Hampton city,Virginia,25
'51660','51','660',Harrisonburg city,Virginia,
'51678','51','678',Lexington city,Virginia,
'51680','51','680',Lynchburg city,Virginia,
'51683','51','683',Manassas city,Virginia,
'51690','51','690',Martinsville city,Virginia,
'51700','51','700',Newport News city,Virginia,
'51710','51','710',Norfolk city,Virginia,33
'51720','51','720',Norton city,Virginia,
'51740','51','740',Portsmouth city,Virginia,
'51750','51','750',Radford city,Virginia,
'51760','51','760',Richmond city,Virginia,
'51770','51','770',Roanoke city,Virginia,
'51800','51','800',Suffolk city,Virginia,-21
'51810','51','810',Virginia Beach city,Virginia,-31
'51830','51','830',Williamsburg city,Virginia,
'51840','51','840',Winchester city,Virginia,
'53001','53','001',Adams County,Washington,
'53005','53','005',Benton County,Washington,
'53007','53','007',Chelan County,Washington,
'53009','53','009',Clallam County,Washington,-121
'53011','53','011',Clark County,Washington,36
'53015','53','015',Cowlitz County,Washington,-41
'53017','53','017',Douglas County,Washington,
'53019','53','019',Ferry County,Washington,-17
'53021','53','021',Franklin County,Washington,
'53025','53','025',Grant County,Washington,
'53027','53','027',Grays Harbor County,Washington,21
'53029','53','029',Island County,Washington,
'53031','53','031',Jefferson County,Washington,
'53033','53','033',King County,Washington,-883
'53035','53','035',Kitsap County,Washington,-88
'53037','53','037',Kittitas County,Washington,
'53041','53','041',Lewis County,Washington,
'53045','53','045',Mason County,Washington,
'53047','53','047',Okanogan County,Washington,
'53051','53','051',Pend Oreille County,Washington,
'53053','53','053',Pierce County,Washington,-155
'53055','53','055',San Juan County,Washington,
'53057','53','057',Skagit County,Washington,
'53061','53','061',Snohomish County,Washington,33
'53063','53','063',Spokane County,Washington,137
'53065','53','065',Stevens County,Washington,
'53067','53','067',Thurston County,Washington,73
'53071','53','071',Walla Walla County,Washington,-45
'53073','53','073',Whatcom County,Washington,41
'53075','53','075',Whitman County,Washington,-16
'53077','53','077',Yakima County,Washington,
'54001','54','001',Barbour County,West Virginia,
'54003','54','003',Berkeley County,West Virginia,
'54007','54','007',Braxton County,West Virginia,
'54009','54','009',Brooke County,West Virginia,
'54025','54','025',Greenbrier County,West Virginia,
'54033','54','033',Harrison County,West Virginia,
'54061','54','061',Monongalia County,West Virginia,-18
'54065','54','065',Morgan County,West Virginia,
'54069','54','069',Ohio County,West Virginia,
'54081','54','081',Raleigh County,West Virginia,
'54101','54','101',Webster County,West Virginia,
'54107','54','107',Wood County,West Virginia,
'55009','55','009',Brown County,Wisconsin,
'55019','55','019',Clark County,Wisconsin,
'55025','55','025',Dane County,Wisconsin,113
'55027','55','027',Dodge County,Wisconsin,
'55031','55','031',Douglas County,Wisconsin,
'55033','55','033',Dunn County,Wisconsin,
'55035','55','035',Eau Claire County,Wisconsin,
'55039','55','039',Fond du Lac County,Wisconsin,
'55055','55','055',Jefferson County,Wisconsin,
'55059','55','059',Kenosha County,Wisconsin,
'55061','55','061',Kewaunee County,Wisconsin,
'55063','55','063',La Crosse County,Wisconsin,
'55073','55','073',Marathon County,Wisconsin,-196
'55077','55','077',Marquette County,Wisconsin,
'55079','55','079',Milwaukee County,Wisconsin,-60
'55085','55','085',Oneida County,Wisconsin,
'55087','55','087',Outagamie County,Wisconsin,
'55089','55','089',Ozaukee County,Wisconsin,
'55093','55','093',Pierce County,Wisconsin,
'55095','55','095',Polk County,Wisconsin,
'55099','55','099',Price County,Wisconsin,
'55101','55','101',Racine County,Wisconsin,
'55105','55','105',Rock County,Wisconsin,
'55109','55','109',St. Croix County,Wisconsin,
'55111','55','111',Sauk County,Wisconsin,
'55113','55','113',Sawyer County,Wisconsin,
'55121','55','121',Trempealeau County,Wisconsin,
'55123','55','123',Vernon County,Wisconsin,
'55125','55','125',Vilas County,Wisconsin,
'55127','55','127',Walworth County,Wisconsin,
'55133','55','133',Waukesha County,Wisconsin,51
'55135','55','135',Waupaca County,Wisconsin,
'55137','55','137',Waushara County,Wisconsin,
'55139','55','139',Winnebago County,Wisconsin,
'55141','55','141',Wood County,Wisconsin,40
'56001','56','001',Albany County,Wyoming,-15
'56003','56','003',Big Horn County,Wyoming,
'56005','56','005',Campbell County,Wyoming,
'56013','56','013',Fremont County,Wyoming,
'56015','56','015',Goshen County,Wyoming,
'56021','56','021',Laramie County,Wyoming,
'56023','56','023',Lincoln County,Wyoming,
'56025','56','025',Natrona County,Wyoming,-19
'56029','56','029',Park County,Wyoming,
'56035','56','035',Sublette County,Wyoming,
'56037','56','037',Sweetwater County,Wyoming,
'56041','56','041',Uinta County,Wyoming,
'56045','56','045',Weston County,Wyoming,
