,State_County_FIPS,State_FIPS,County_FIPS,County_Name,State_Name,Total,Asian_Alone,Black_or_African_American_Alone,Hispanic_or_Latino,Other_Race_Alone_or_Two_or_More_Races
0,'01003','01','003',Baldwin County,Alabama,-91,0.0,0.0,0.0,0.0
1,'01015','01','015',Calhoun County,Alabama,-35,0.0,0.0,0.0,0.0
2,'01023','01','023',Choctaw County,Alabama,-3,0.0,0.0,0.0,0.0
3,'01031','01','031',Coffee County,Alabama,-9,0.0,0.0,0.0,0.0
4,'01039','01','039',Covington County,Alabama,-16,0.0,0.0,0.0,0.0
5,'01041','01','041',Crenshaw County,Alabama,-14,0.0,0.0,0.0,0.0
6,'01045','01','045',Dale County,Alabama,-11,0.0,0.0,0.0,0.0
7,'01053','01','053',Escambia County,Alabama,14,0.0,0.0,0.0,0.0
8,'01055','01','055',Etowah County,Alabama,-22,0.0,0.0,0.0,0.0
9,'01069','01','069',Houston County,Alabama,-4,0.0,0.0,0.0,0.0
10,'01071','01','071',Jackson County,Alabama,13,0.0,0.0,0.0,0.0
11,'01073','01','073',Jefferson County,Alabama,-40,0.0,-34.0,-8.0,28.0
12,'01079','01','079',Lawrence County,Alabama,-14,0.0,0.0,0.0,0.0
13,'01081','01','081',Lee County,Alabama,45,0.0,0.0,0.0,0.0
14,'01087','01','087',Macon County,Alabama,-38,0.0,-23.0,-15.0,-5.0
15,'01089','01','089',Madison County,Alabama,-112,0.0,0.0,0.0,0.0
16,'01091','01','091',Marengo County,Alabama,-7,0.0,0.0,0.0,0.0
17,'01097','01','097',Mobile County,Alabama,97,0.0,0.0,0.0,0.0
18,'01101','01','101',Montgomery County,Alabama,-51,-18.0,-100.0,14.0,14.0
19,'01103','01','103',Morgan County,Alabama,-70,0.0,0.0,0.0,0.0
20,'01105','01','105',Perry County,Alabama,-9,0.0,0.0,0.0,0.0
21,'01113','01','113',Russell County,Alabama,-17,0.0,0.0,0.0,0.0
22,'01117','01','117',Shelby County,Alabama,-17,0.0,0.0,0.0,0.0
23,'01125','01','125',Tuscaloosa County,Alabama,-9,0.0,0.0,0.0,0.0
24,'02013','02','013',Aleutians East Borough,Alaska,-15,-9.0,0.0,-6.0,0.0
25,'02016','02','016',Aleutians West Census Area,Alaska,-7,0.0,0.0,0.0,0.0
26,'02020','02','020',Anchorage Municipality,Alaska,653,80.0,-32.0,188.0,145.0
27,'02068','02','068',Denali Borough,Alaska,35,0.0,0.0,0.0,0.0
28,'02090','02','090',Fairbanks North Star Borough,Alaska,6,0.0,0.0,0.0,0.0
29,'02110','02','110',Juneau City and Borough,Alaska,-5,0.0,0.0,0.0,0.0
30,'02122','02','122',Kenai Peninsula Borough,Alaska,66,0.0,30.0,-4.0,-4.0
31,'02130','02','130',Ketchikan Gateway Borough,Alaska,1,0.0,0.0,0.0,0.0
32,'02150','02','150',Kodiak Island Borough,Alaska,55,0.0,0.0,35.0,24.0
33,'02170','02','170',Matanuska-Susitna Borough,Alaska,20,0.0,0.0,0.0,0.0
34,'02180','02','180',Nome Census Area,Alaska,-8,0.0,0.0,0.0,0.0
35,'02185','02','185',North Slope Borough,Alaska,-7,0.0,0.0,0.0,0.0
36,'02188','02','188',Northwest Arctic Borough,Alaska,-6,0.0,0.0,0.0,0.0
37,'02195','02','195',Petersburg Borough,Alaska,18,0.0,0.0,0.0,0.0
38,'02261','02','261',Valdez-Cordova Census Area,Alaska,25,0.0,0.0,0.0,0.0
39,'02275','02','275',Wrangell City and Borough,Alaska,26,0.0,0.0,0.0,0.0
40,'02290','02','290',Yukon-Koyukuk Census Area,Alaska,-3,0.0,0.0,0.0,0.0
41,'04001','04','001',Apache County,Arizona,-29,0.0,0.0,-7.0,-22.0
42,'04003','04','003',Cochise County,Arizona,-24,0.0,-78.0,51.0,6.0
43,'04005','04','005',Coconino County,Arizona,-542,-26.0,-35.0,-57.0,-35.0
44,'04007','04','007',Gila County,Arizona,-63,0.0,0.0,0.0,0.0
45,'04009','04','009',Graham County,Arizona,-64,0.0,0.0,0.0,0.0
46,'04012','04','012',La Paz County,Arizona,-35,0.0,0.0,0.0,0.0
47,'04013','04','013',Maricopa County,Arizona,-2240,-262.0,-407.0,-358.0,77.0
48,'04015','04','015',Mohave County,Arizona,-593,-8.0,-26.0,-144.0,-109.0
49,'04017','04','017',Navajo County,Arizona,-28,0.0,0.0,0.0,0.0
50,'04019','04','019',Pima County,Arizona,-391,75.0,1.0,-411.0,-192.0
51,'04021','04','021',Pinal County,Arizona,-225,-7.0,-80.0,-207.0,-82.0
52,'04023','04','023',Santa Cruz County,Arizona,-171,0.0,0.0,-167.0,9.0
53,'04025','04','025',Yavapai County,Arizona,-286,0.0,0.0,-110.0,-1.0
54,'04027','04','027',Yuma County,Arizona,-250,14.0,0.0,-252.0,-147.0
55,'05005','05','005',Baxter County,Arkansas,-1,0.0,0.0,0.0,0.0
56,'05007','05','007',Benton County,Arkansas,-237,-10.0,0.0,-125.0,0.0
57,'05015','05','015',Carroll County,Arkansas,-22,0.0,0.0,0.0,0.0
58,'05017','05','017',Chicot County,Arkansas,12,0.0,0.0,0.0,0.0
59,'05019','05','019',Clark County,Arkansas,-12,0.0,0.0,0.0,0.0
60,'05027','05','027',Columbia County,Arkansas,-23,0.0,-14.0,0.0,0.0
61,'05031','05','031',Craighead County,Arkansas,-53,0.0,0.0,0.0,0.0
62,'05033','05','033',Crawford County,Arkansas,-17,0.0,0.0,0.0,0.0
63,'05035','05','035',Crittenden County,Arkansas,-14,0.0,0.0,0.0,0.0
64,'05043','05','043',Drew County,Arkansas,-1,0.0,0.0,0.0,0.0
65,'05049','05','049',Fulton County,Arkansas,-2,0.0,0.0,0.0,0.0
66,'05051','05','051',Garland County,Arkansas,4,0.0,0.0,0.0,0.0
67,'05063','05','063',Independence County,Arkansas,-14,0.0,0.0,0.0,0.0
68,'05069','05','069',Jefferson County,Arkansas,-30,0.0,-20.0,0.0,0.0
69,'05071','05','071',Johnson County,Arkansas,14,0.0,0.0,0.0,0.0
70,'05073','05','073',Lafayette County,Arkansas,-8,0.0,0.0,0.0,0.0
71,'05075','05','075',Lawrence County,Arkansas,-8,0.0,0.0,0.0,0.0
72,'05077','05','077',Lee County,Arkansas,30,0.0,0.0,0.0,0.0
73,'05085','05','085',Lonoke County,Arkansas,-16,0.0,0.0,0.0,0.0
74,'05097','05','097',Montgomery County,Arkansas,16,0.0,0.0,0.0,0.0
75,'05103','05','103',Ouachita County,Arkansas,-23,0.0,0.0,0.0,0.0
76,'05115','05','115',Pope County,Arkansas,-3,0.0,0.0,0.0,0.0
77,'05119','05','119',Pulaski County,Arkansas,112,17.0,-48.0,27.0,-6.0
78,'05123','05','123',St. Francis County,Arkansas,-8,0.0,0.0,0.0,0.0
79,'05125','05','125',Saline County,Arkansas,-45,0.0,0.0,0.0,0.0
80,'05131','05','131',Sebastian County,Arkansas,-8,0.0,0.0,0.0,0.0
81,'05139','05','139',Union County,Arkansas,-111,0.0,0.0,0.0,0.0
82,'05141','05','141',Van Buren County,Arkansas,-8,0.0,0.0,0.0,0.0
83,'05143','05','143',Washington County,Arkansas,-158,-33.0,-56.0,-13.0,-33.0
84,'05147','05','147',Woodruff County,Arkansas,-17,0.0,0.0,0.0,0.0
85,'06001','06','001',Alameda County,California,-910,-352.0,-179.0,-309.0,-85.0
86,'06005','06','005',Amador County,California,-122,0.0,-30.0,-73.0,-29.0
87,'06007','06','007',Butte County,California,-360,0.0,8.0,-76.0,-14.0
88,'06009','06','009',Calaveras County,California,-34,0.0,0.0,0.0,0.0
89,'06011','06','011',Colusa County,California,-14,0.0,0.0,0.0,0.0
90,'06013','06','013',Contra Costa County,California,447,270.0,182.0,105.0,-28.0
91,'06015','06','015',Del Norte County,California,-90,0.0,-4.0,-8.0,4.0
92,'06017','06','017',El Dorado County,California,-121,22.0,-91.0,-198.0,-2.0
93,'06019','06','019',Fresno County,California,-2030,-484.0,-62.0,-1094.0,-662.0
94,'06021','06','021',Glenn County,California,-24,0.0,-8.0,0.0,0.0
95,'06023','06','023',Humboldt County,California,-846,-101.0,-106.0,-146.0,-64.0
96,'06025','06','025',Imperial County,California,-52,-4.0,25.0,-4.0,-55.0
97,'06027','06','027',Inyo County,California,-112,-17.0,0.0,-42.0,-30.0
98,'06029','06','029',Kern County,California,-5995,-41.0,-1315.0,-3870.0,-625.0
99,'06031','06','031',Kings County,California,322,-36.0,23.0,93.0,7.0
100,'06033','06','033',Lake County,California,-111,21.0,-23.0,-21.0,0.0
101,'06035','06','035',Lassen County,California,-469,-39.0,-130.0,-186.0,-72.0
102,'06039','06','039',Madera County,California,-1068,-31.0,-344.0,-447.0,-352.0
103,'06041','06','041',Marin County,California,-272,-76.0,-10.0,-84.0,-119.0
104,'06043','06','043',Mariposa County,California,-56,0.0,0.0,0.0,0.0
105,'06045','06','045',Mendocino County,California,-91,-12.0,-11.0,-65.0,-47.0
106,'06047','06','047',Merced County,California,-769,-10.0,-51.0,-283.0,-452.0
107,'06049','06','049',Modoc County,California,-41,-2.0,-8.0,-13.0,-5.0
108,'06051','06','051',Mono County,California,-224,-4.0,0.0,7.0,11.0
109,'06053','06','053',Monterey County,California,-362,49.0,-171.0,38.0,-24.0
110,'06055','06','055',Napa County,California,-163,-8.0,0.0,-74.0,-12.0
111,'06057','06','057',Nevada County,California,-40,14.0,19.0,12.0,7.0
112,'06059','06','059',Orange County,California,-11271,-3867.0,-315.0,-4624.0,-2740.0
113,'06061','06','061',Placer County,California,78,-66.0,-28.0,-20.0,-35.0
114,'06063','06','063',Plumas County,California,17,0.0,0.0,0.0,0.0
115,'06065','06','065',Riverside County,California,-9351,-690.0,-1670.0,-4366.0,-2288.0
116,'06067','06','067',Sacramento County,California,-603,-195.0,-181.0,-208.0,121.0
117,'06069','06','069',San Benito County,California,-5,-1.0,0.0,-24.0,-13.0
118,'06071','06','071',San Bernardino County,California,-17503,-1109.0,-2814.0,-10900.0,-5165.0
119,'06073','06','073',San Diego County,California,-1052,-908.0,71.0,52.0,364.0
120,'06075','06','075',San Francisco County,California,-323,25.0,109.0,-238.0,-265.0
121,'06077','06','077',San Joaquin County,California,-556,-58.0,-145.0,-268.0,-67.0
122,'06079','06','079',San Luis Obispo County,California,-868,-177.0,-25.0,-241.0,-116.0
123,'06081','06','081',San Mateo County,California,-406,-88.0,15.0,-89.0,-124.0
124,'06083','06','083',Santa Barbara County,California,-1653,-344.0,-82.0,-770.0,-493.0
125,'06085','06','085',Santa Clara County,California,-761,124.0,68.0,-492.0,-30.0
126,'06087','06','087',Santa Cruz County,California,-435,-99.0,15.0,-575.0,-350.0
127,'06089','06','089',Shasta County,California,-34,-73.0,0.0,-9.0,74.0
128,'06091','06','091',Sierra County,California,40,11.0,0.0,29.0,14.0
129,'06093','06','093',Siskiyou County,California,-67,0.0,0.0,0.0,0.0
130,'06095','06','095',Solano County,California,-274,-97.0,126.0,-84.0,-56.0
131,'06097','06','097',Sonoma County,California,-268,-5.0,-8.0,-105.0,-278.0
132,'06099','06','099',Stanislaus County,California,18,6.0,5.0,-10.0,-49.0
133,'06101','06','101',Sutter County,California,-49,0.0,0.0,0.0,0.0
134,'06103','06','103',Tehama County,California,12,-7.0,-8.0,-11.0,-2.0
135,'06105','06','105',Trinity County,California,-48,0.0,-5.0,-39.0,-5.0
136,'06107','06','107',Tulare County,California,-82,2.0,89.0,-433.0,149.0
137,'06109','06','109',Tuolumne County,California,-159,-10.0,-41.0,-64.0,-52.0
138,'06111','06','111',Ventura County,California,-2015,360.0,-50.0,-360.0,136.0
139,'06113','06','113',Yolo County,California,-948,-208.0,-3.0,-392.0,-443.0
140,'06115','06','115',Yuba County,California,12,0.0,0.0,0.0,0.0
141,'08001','08','001',Adams County,Colorado,-419,0.0,0.0,0.0,0.0
142,'08005','08','005',Arapahoe County,Colorado,-126,50.0,61.0,-296.0,-61.0
143,'08013','08','013',Boulder County,Colorado,-162,-12.0,-19.0,54.0,-65.0
144,'08014','08','014',Broomfield County,Colorado,-89,-14.0,-13.0,-36.0,0.0
145,'08019','08','019',Clear Creek County,Colorado,68,0.0,0.0,0.0,0.0
146,'08023','08','023',Costilla County,Colorado,9,0.0,0.0,0.0,0.0
147,'08029','08','029',Delta County,Colorado,16,0.0,0.0,0.0,0.0
148,'08031','08','031',Denver County,Colorado,-493,-22.0,-59.0,-99.0,-19.0
149,'08035','08','035',Douglas County,Colorado,71,27.0,0.0,-9.0,-26.0
150,'08041','08','041',El Paso County,Colorado,63,-60.0,8.0,102.0,133.0
151,'08043','08','043',Fremont County,Colorado,-36,0.0,-17.0,3.0,3.0
152,'08045','08','045',Garfield County,Colorado,-3,0.0,0.0,0.0,0.0
153,'08049','08','049',Grand County,Colorado,-18,0.0,0.0,0.0,0.0
154,'08051','08','051',Gunnison County,Colorado,25,0.0,0.0,0.0,0.0
155,'08053','08','053',Hinsdale County,Colorado,-6,0.0,0.0,0.0,0.0
156,'08057','08','057',Jackson County,Colorado,-1,0.0,0.0,0.0,0.0
157,'08059','08','059',Jefferson County,Colorado,109,85.0,-59.0,32.0,7.0
158,'08067','08','067',La Plata County,Colorado,-68,0.0,0.0,0.0,0.0
159,'08069','08','069',Larimer County,Colorado,-184,76.0,0.0,-59.0,-88.0
160,'08071','08','071',Las Animas County,Colorado,-30,0.0,0.0,0.0,0.0
161,'08075','08','075',Logan County,Colorado,-9,0.0,0.0,0.0,0.0
162,'08077','08','077',Mesa County,Colorado,39,0.0,0.0,0.0,0.0
163,'08085','08','085',Montrose County,Colorado,42,0.0,0.0,0.0,0.0
164,'08087','08','087',Morgan County,Colorado,-47,0.0,0.0,0.0,0.0
165,'08097','08','097',Pitkin County,Colorado,42,0.0,0.0,0.0,0.0
166,'08099','08','099',Prowers County,Colorado,-31,0.0,0.0,-22.0,-9.0
167,'08101','08','101',Pueblo County,Colorado,-128,0.0,0.0,0.0,0.0
168,'08109','08','109',Saguache County,Colorado,-13,0.0,0.0,0.0,0.0
169,'08113','08','113',San Miguel County,Colorado,-1,0.0,0.0,0.0,0.0
170,'08115','08','115',Sedgwick County,Colorado,-13,0.0,0.0,0.0,0.0
171,'08117','08','117',Summit County,Colorado,-45,0.0,0.0,0.0,0.0
172,'08119','08','119',Teller County,Colorado,-9,0.0,0.0,0.0,0.0
173,'08123','08','123',Weld County,Colorado,-299,15.0,0.0,-284.0,-101.0
174,'09001','09','001',Fairfield County,Connecticut,308,-43.0,-15.0,27.0,7.0
175,'09003','09','003',Hartford County,Connecticut,-21,10.0,0.0,12.0,0.0
176,'09005','09','005',Litchfield County,Connecticut,-7,0.0,0.0,0.0,0.0
177,'09007','09','007',Middlesex County,Connecticut,-100,-23.0,0.0,0.0,-4.0
178,'09009','09','009',New Haven County,Connecticut,140,-55.0,-10.0,-19.0,0.0
179,'09011','09','011',New London County,Connecticut,145,260.0,-67.0,-25.0,-17.0
180,'09013','09','013',Tolland County,Connecticut,9,0.0,0.0,0.0,0.0
181,'09015','09','015',Windham County,Connecticut,10,0.0,0.0,0.0,0.0
182,'10001','10','001',Kent County,Delaware,14,0.0,0.0,0.0,0.0
183,'10003','10','003',New Castle County,Delaware,-42,37.0,-13.0,-85.0,0.0
184,'10005','10','005',Sussex County,Delaware,-12,0.0,0.0,0.0,0.0
185,'11001','11','001',District of Columbia,District of Columbia,-120,13.0,-123.0,72.0,41.0
186,'12001','12','001',Alachua County,Florida,205,0.0,0.0,0.0,0.0
187,'12005','12','005',Bay County,Florida,-5,0.0,0.0,0.0,0.0
188,'12007','12','007',Bradford County,Florida,7,0.0,0.0,0.0,0.0
189,'12009','12','009',Brevard County,Florida,128,0.0,0.0,0.0,0.0
190,'12011','12','011',Broward County,Florida,143,133.0,-28.0,-111.0,61.0
191,'12017','12','017',Citrus County,Florida,2,-21.0,7.0,-5.0,0.0
192,'12019','12','019',Clay County,Florida,55,24.0,0.0,11.0,0.0
193,'12021','12','021',Collier County,Florida,94,0.0,0.0,0.0,0.0
194,'12031','12','031',Duval County,Florida,-315,-30.0,-144.0,-99.0,-11.0
195,'12033','12','033',Escambia County,Florida,-266,-26.0,0.0,-80.0,-58.0
196,'12035','12','035',Flagler County,Florida,51,0.0,0.0,0.0,0.0
197,'12053','12','053',Hernando County,Florida,-1,0.0,0.0,0.0,0.0
198,'12057','12','057',Hillsborough County,Florida,170,3.0,55.0,-11.0,12.0
199,'12059','12','059',Holmes County,Florida,-16,0.0,0.0,-16.0,0.0
200,'12061','12','061',Indian River County,Florida,-8,0.0,0.0,0.0,0.0
201,'12069','12','069',Lake County,Florida,4,0.0,0.0,0.0,0.0
202,'12071','12','071',Lee County,Florida,-104,0.0,0.0,-1.0,-1.0
203,'12073','12','073',Leon County,Florida,72,-23.0,30.0,0.0,0.0
204,'12081','12','081',Manatee County,Florida,-57,5.0,6.0,0.0,0.0
205,'12083','12','083',Marion County,Florida,3,0.0,0.0,0.0,0.0
206,'12085','12','085',Martin County,Florida,-33,0.0,0.0,0.0,0.0
207,'12086','12','086',Miami-Dade County,Florida,1023,48.0,70.0,350.0,115.0
208,'12087','12','087',Monroe County,Florida,35,0.0,0.0,0.0,0.0
209,'12089','12','089',Nassau County,Florida,8,0.0,0.0,0.0,0.0
210,'12091','12','091',Okaloosa County,Florida,10,30.0,-46.0,6.0,0.0
211,'12095','12','095',Orange County,Florida,-27,0.0,5.0,30.0,59.0
212,'12097','12','097',Osceola County,Florida,44,0.0,0.0,0.0,0.0
213,'12099','12','099',Palm Beach County,Florida,-181,18.0,-126.0,-180.0,32.0
214,'12101','12','101',Pasco County,Florida,-58,0.0,0.0,0.0,0.0
215,'12103','12','103',Pinellas County,Florida,-103,-65.0,0.0,-39.0,76.0
216,'12105','12','105',Polk County,Florida,-104,-35.0,0.0,-71.0,-115.0
217,'12107','12','107',Putnam County,Florida,6,0.0,0.0,0.0,0.0
218,'12109','12','109',St. Johns County,Florida,-18,0.0,0.0,0.0,0.0
219,'12111','12','111',St. Lucie County,Florida,-133,0.0,0.0,0.0,0.0
220,'12113','12','113',Santa Rosa County,Florida,-8,0.0,0.0,0.0,0.0
221,'12115','12','115',Sarasota County,Florida,4,10.0,0.0,0.0,0.0
222,'12117','12','117',Seminole County,Florida,-18,14.0,0.0,8.0,67.0
223,'12119','12','119',Sumter County,Florida,-8,0.0,0.0,0.0,0.0
224,'12127','12','127',Volusia County,Florida,207,2.0,0.0,89.0,74.0
225,'12133','12','133',Washington County,Florida,-23,0.0,0.0,0.0,0.0
226,'13001','13','001',Appling County,Georgia,-27,0.0,0.0,0.0,0.0
227,'13009','13','009',Baldwin County,Georgia,-3,0.0,0.0,0.0,0.0
228,'13013','13','013',Barrow County,Georgia,39,0.0,0.0,0.0,0.0
229,'13015','13','015',Bartow County,Georgia,33,0.0,0.0,0.0,0.0
230,'13021','13','021',Bibb County,Georgia,23,0.0,0.0,0.0,0.0
231,'13031','13','031',Bulloch County,Georgia,8,0.0,0.0,0.0,0.0
232,'13035','13','035',Butts County,Georgia,-8,0.0,0.0,0.0,0.0
233,'13045','13','045',Carroll County,Georgia,8,0.0,0.0,0.0,0.0
234,'13051','13','051',Chatham County,Georgia,160,-16.0,44.0,-84.0,-84.0
235,'13053','13','053',Chattahoochee County,Georgia,-41,0.0,0.0,0.0,0.0
236,'13055','13','055',Chattooga County,Georgia,-7,0.0,0.0,0.0,0.0
237,'13057','13','057',Cherokee County,Georgia,85,0.0,10.0,0.0,9.0
238,'13059','13','059',Clarke County,Georgia,20,7.0,0.0,0.0,0.0
239,'13063','13','063',Clayton County,Georgia,19,0.0,0.0,0.0,0.0
240,'13067','13','067',Cobb County,Georgia,-376,-9.0,-166.0,-55.0,-16.0
241,'13071','13','071',Colquitt County,Georgia,26,0.0,0.0,0.0,0.0
242,'13073','13','073',Columbia County,Georgia,-36,0.0,0.0,0.0,0.0
243,'13077','13','077',Coweta County,Georgia,-54,0.0,0.0,0.0,0.0
244,'13083','13','083',Dade County,Georgia,-12,0.0,0.0,0.0,0.0
245,'13087','13','087',Decatur County,Georgia,21,0.0,0.0,0.0,0.0
246,'13089','13','089',DeKalb County,Georgia,223,-27.0,76.0,0.0,-6.0
247,'13091','13','091',Dodge County,Georgia,-6,0.0,0.0,0.0,0.0
248,'13097','13','097',Douglas County,Georgia,8,0.0,0.0,0.0,0.0
249,'13109','13','109',Evans County,Georgia,-37,0.0,0.0,0.0,0.0
250,'13111','13','111',Fannin County,Georgia,-4,0.0,0.0,0.0,0.0
251,'13113','13','113',Fayette County,Georgia,-107,0.0,0.0,0.0,0.0
252,'13115','13','115',Floyd County,Georgia,-20,0.0,0.0,0.0,0.0
253,'13119','13','119',Franklin County,Georgia,9,0.0,0.0,0.0,0.0
254,'13121','13','121',Fulton County,Georgia,24,-7.0,-17.0,55.0,66.0
255,'13123','13','123',Gilmer County,Georgia,-50,-11.0,-5.0,0.0,0.0
256,'13135','13','135',Gwinnett County,Georgia,-270,99.0,-258.0,-53.0,-10.0
257,'13137','13','137',Habersham County,Georgia,-57,0.0,0.0,0.0,0.0
258,'13149','13','149',Heard County,Georgia,-7,0.0,0.0,0.0,0.0
259,'13151','13','151',Henry County,Georgia,168,0.0,0.0,0.0,0.0
260,'13153','13','153',Houston County,Georgia,35,0.0,0.0,0.0,0.0
261,'13177','13','177',Lee County,Georgia,-14,0.0,0.0,0.0,0.0
262,'13179','13','179',Liberty County,Georgia,-2,0.0,0.0,0.0,0.0
263,'13185','13','185',Lowndes County,Georgia,18,0.0,0.0,0.0,0.0
264,'13193','13','193',Macon County,Georgia,101,0.0,0.0,0.0,0.0
265,'13195','13','195',Madison County,Georgia,-15,0.0,0.0,0.0,0.0
266,'13211','13','211',Morgan County,Georgia,-10,0.0,0.0,0.0,0.0
267,'13215','13','215',Muscogee County,Georgia,-104,0.0,0.0,0.0,0.0
268,'13217','13','217',Newton County,Georgia,17,0.0,0.0,0.0,0.0
269,'13223','13','223',Paulding County,Georgia,-22,0.0,0.0,0.0,0.0
270,'13225','13','225',Peach County,Georgia,-7,0.0,0.0,0.0,0.0
271,'13231','13','231',Pike County,Georgia,-5,0.0,0.0,0.0,0.0
272,'13237','13','237',Putnam County,Georgia,10,0.0,0.0,0.0,0.0
273,'13241','13','241',Rabun County,Georgia,16,0.0,0.0,0.0,0.0
274,'13245','13','245',Richmond County,Georgia,-52,-12.0,12.0,-30.0,17.0
275,'13247','13','247',Rockdale County,Georgia,-138,-48.0,-16.0,-74.0,0.0
276,'13261','13','261',Sumter County,Georgia,-2,0.0,0.0,0.0,0.0
277,'13263','13','263',Talbot County,Georgia,-6,0.0,0.0,0.0,0.0
278,'13281','13','281',Towns County,Georgia,7,0.0,0.0,0.0,0.0
279,'13293','13','293',Upson County,Georgia,39,0.0,14.0,0.0,0.0
280,'13295','13','295',Walker County,Georgia,-29,0.0,0.0,0.0,0.0
281,'13313','13','313',Whitfield County,Georgia,-41,0.0,0.0,0.0,0.0
282,'15001','15','001',Hawaii County,Hawaii,23,-5.0,25.0,-51.0,-91.0
283,'15003','15','003',Honolulu County,Hawaii,223,189.0,5.0,75.0,14.0
284,'15007','15','007',Kauai County,Hawaii,-44,-5.0,0.0,-7.0,0.0
285,'15009','15','009',Maui County,Hawaii,-40,-4.0,10.0,15.0,-18.0
286,'16001','16','001',Ada County,Idaho,-372,31.0,-34.0,-24.0,-23.0
287,'16005','16','005',Bannock County,Idaho,-21,0.0,0.0,0.0,0.0
288,'16007','16','007',Bear Lake County,Idaho,-2,0.0,0.0,0.0,0.0
289,'16011','16','011',Bingham County,Idaho,-6,0.0,0.0,0.0,0.0
290,'16013','16','013',Blaine County,Idaho,65,0.0,0.0,12.0,0.0
291,'16015','16','015',Boise County,Idaho,-3,0.0,0.0,0.0,0.0
292,'16017','16','017',Bonner County,Idaho,16,0.0,0.0,0.0,0.0
293,'16019','16','019',Bonneville County,Idaho,54,0.0,0.0,0.0,0.0
294,'16021','16','021',Boundary County,Idaho,19,0.0,0.0,0.0,0.0
295,'16023','16','023',Butte County,Idaho,-5,0.0,0.0,0.0,0.0
296,'16027','16','027',Canyon County,Idaho,-38,0.0,0.0,-32.0,25.0
297,'16029','16','029',Caribou County,Idaho,-14,0.0,0.0,0.0,0.0
298,'16031','16','031',Cassia County,Idaho,13,0.0,0.0,0.0,0.0
299,'16033','16','033',Clark County,Idaho,47,0.0,0.0,0.0,0.0
300,'16039','16','039',Elmore County,Idaho,-9,0.0,0.0,0.0,0.0
301,'16041','16','041',Franklin County,Idaho,-140,0.0,0.0,0.0,0.0
302,'16043','16','043',Fremont County,Idaho,-17,0.0,0.0,0.0,0.0
303,'16049','16','049',Idaho County,Idaho,8,0.0,0.0,0.0,0.0
304,'16055','16','055',Kootenai County,Idaho,23,0.0,0.0,3.0,3.0
305,'16057','16','057',Latah County,Idaho,12,0.0,0.0,0.0,0.0
306,'16059','16','059',Lemhi County,Idaho,-6,0.0,0.0,0.0,0.0
307,'16065','16','065',Madison County,Idaho,37,0.0,0.0,0.0,0.0
308,'16067','16','067',Minidoka County,Idaho,-1,0.0,0.0,0.0,0.0
309,'16069','16','069',Nez Perce County,Idaho,-8,0.0,0.0,0.0,0.0
310,'16075','16','075',Payette County,Idaho,-89,0.0,0.0,0.0,0.0
311,'16077','16','077',Power County,Idaho,-6,0.0,0.0,0.0,0.0
312,'16079','16','079',Shoshone County,Idaho,3,0.0,0.0,0.0,0.0
313,'16081','16','081',Teton County,Idaho,11,0.0,0.0,0.0,0.0
314,'16083','16','083',Twin Falls County,Idaho,-20,0.0,0.0,0.0,0.0
315,'17001','17','001',Adams County,Illinois,119,64.0,0.0,0.0,0.0
316,'17005','17','005',Bond County,Illinois,-5,0.0,0.0,0.0,0.0
317,'17019','17','019',Champaign County,Illinois,53,-38.0,38.0,-5.0,4.0
318,'17021','17','021',Christian County,Illinois,-30,0.0,-30.0,0.0,0.0
319,'17029','17','029',Coles County,Illinois,-2,0.0,0.0,0.0,0.0
320,'17031','17','031',Cook County,Illinois,1304,143.0,331.0,89.0,115.0
321,'17037','17','037',DeKalb County,Illinois,-4,0.0,0.0,0.0,0.0
322,'17041','17','041',Douglas County,Illinois,-6,0.0,0.0,0.0,0.0
323,'17043','17','043',DuPage County,Illinois,97,2.0,27.0,-13.0,9.0
324,'17067','17','067',Hancock County,Illinois,-10,0.0,0.0,0.0,0.0
325,'17075','17','075',Iroquois County,Illinois,-13,0.0,0.0,0.0,0.0
326,'17077','17','077',Jackson County,Illinois,16,0.0,0.0,0.0,0.0
327,'17081','17','081',Jefferson County,Illinois,-16,0.0,0.0,0.0,0.0
328,'17083','17','083',Jersey County,Illinois,12,0.0,0.0,0.0,0.0
329,'17089','17','089',Kane County,Illinois,-73,59.0,-10.0,-83.0,-73.0
330,'17091','17','091',Kankakee County,Illinois,78,0.0,0.0,0.0,0.0
331,'17093','17','093',Kendall County,Illinois,5,0.0,0.0,0.0,0.0
332,'17097','17','097',Lake County,Illinois,78,39.0,-28.0,-41.0,-14.0
333,'17099','17','099',LaSalle County,Illinois,-10,0.0,0.0,0.0,0.0
334,'17101','17','101',Lawrence County,Illinois,-59,0.0,0.0,0.0,0.0
335,'17103','17','103',Lee County,Illinois,-23,0.0,0.0,0.0,0.0
336,'17111','17','111',McHenry County,Illinois,48,0.0,0.0,0.0,0.0
337,'17113','17','113',McLean County,Illinois,-19,0.0,0.0,0.0,0.0
338,'17115','17','115',Macon County,Illinois,-10,0.0,0.0,0.0,0.0
339,'17119','17','119',Madison County,Illinois,78,18.0,24.0,0.0,0.0
340,'17123','17','123',Marshall County,Illinois,-3,0.0,0.0,0.0,0.0
341,'17143','17','143',Peoria County,Illinois,19,0.0,0.0,0.0,0.0
342,'17161','17','161',Rock Island County,Illinois,-44,0.0,0.0,0.0,0.0
343,'17163','17','163',St. Clair County,Illinois,-166,0.0,0.0,0.0,0.0
344,'17165','17','165',Saline County,Illinois,-1,0.0,0.0,0.0,0.0
345,'17167','17','167',Sangamon County,Illinois,-58,0.0,0.0,0.0,0.0
346,'17175','17','175',Stark County,Illinois,18,0.0,0.0,0.0,0.0
347,'17179','17','179',Tazewell County,Illinois,21,0.0,0.0,0.0,0.0
348,'17183','17','183',Vermilion County,Illinois,15,0.0,0.0,0.0,0.0
349,'17195','17','195',Whiteside County,Illinois,7,0.0,0.0,0.0,0.0
350,'17197','17','197',Will County,Illinois,0,0.0,33.0,-43.0,-11.0
351,'17201','17','201',Winnebago County,Illinois,-13,6.0,-23.0,-33.0,-42.0
352,'18003','18','003',Allen County,Indiana,30,0.0,0.0,0.0,0.0
353,'18005','18','005',Bartholomew County,Indiana,-9,0.0,0.0,0.0,0.0
354,'18021','18','021',Clay County,Indiana,1,0.0,0.0,0.0,0.0
355,'18033','18','033',DeKalb County,Indiana,-2,0.0,0.0,0.0,0.0
356,'18035','18','035',Delaware County,Indiana,16,0.0,0.0,0.0,0.0
357,'18039','18','039',Elkhart County,Indiana,-35,0.0,0.0,0.0,0.0
358,'18043','18','043',Floyd County,Indiana,45,0.0,0.0,0.0,0.0
359,'18053','18','053',Grant County,Indiana,44,0.0,0.0,0.0,0.0
360,'18057','18','057',Hamilton County,Indiana,115,0.0,0.0,0.0,0.0
361,'18059','18','059',Hancock County,Indiana,-9,0.0,0.0,0.0,0.0
362,'18063','18','063',Hendricks County,Indiana,-50,0.0,0.0,0.0,0.0
363,'18067','18','067',Howard County,Indiana,-66,0.0,0.0,0.0,0.0
364,'18071','18','071',Jackson County,Indiana,-8,0.0,0.0,0.0,0.0
365,'18073','18','073',Jasper County,Indiana,110,0.0,0.0,0.0,0.0
366,'18089','18','089',Lake County,Indiana,-53,0.0,-73.0,-2.0,-9.0
367,'18091','18','091',LaPorte County,Indiana,18,0.0,0.0,0.0,0.0
368,'18097','18','097',Marion County,Indiana,-139,25.0,-67.0,-151.0,-56.0
369,'18099','18','099',Marshall County,Indiana,46,0.0,0.0,0.0,0.0
370,'18105','18','105',Monroe County,Indiana,47,7.0,0.0,0.0,0.0
371,'18107','18','107',Montgomery County,Indiana,-14,0.0,0.0,0.0,0.0
372,'18123','18','123',Perry County,Indiana,5,0.0,0.0,0.0,0.0
373,'18127','18','127',Porter County,Indiana,46,0.0,0.0,0.0,0.0
374,'18129','18','129',Posey County,Indiana,-3,0.0,0.0,0.0,0.0
375,'18133','18','133',Putnam County,Indiana,9,0.0,0.0,0.0,0.0
376,'18141','18','141',St. Joseph County,Indiana,197,29.0,-11.0,-7.0,6.0
377,'18145','18','145',Shelby County,Indiana,-12,0.0,0.0,0.0,0.0
378,'18151','18','151',Steuben County,Indiana,10,0.0,0.0,0.0,0.0
379,'18157','18','157',Tippecanoe County,Indiana,40,25.0,0.0,35.0,33.0
380,'18163','18','163',Vanderburgh County,Indiana,72,0.0,33.0,39.0,39.0
381,'18167','18','167',Vigo County,Indiana,-34,0.0,0.0,0.0,0.0
382,'18169','18','169',Wabash County,Indiana,-2,0.0,0.0,0.0,0.0
383,'18177','18','177',Wayne County,Indiana,-4,0.0,0.0,0.0,0.0
384,'19013','19','013',Black Hawk County,Iowa,-5,0.0,0.0,0.0,0.0
385,'19021','19','021',Buena Vista County,Iowa,-20,0.0,0.0,0.0,0.0
386,'19025','19','025',Calhoun County,Iowa,-12,0.0,0.0,0.0,0.0
387,'19029','19','029',Cass County,Iowa,-1,0.0,0.0,0.0,0.0
388,'19045','19','045',Clinton County,Iowa,6,0.0,0.0,0.0,0.0
389,'19047','19','047',Crawford County,Iowa,57,0.0,0.0,0.0,0.0
390,'19049','19','049',Dallas County,Iowa,19,37.0,0.0,-9.0,0.0
391,'19053','19','053',Decatur County,Iowa,-19,0.0,0.0,0.0,0.0
392,'19057','19','057',Des Moines County,Iowa,86,0.0,0.0,0.0,0.0
393,'19061','19','061',Dubuque County,Iowa,-52,0.0,0.0,0.0,0.0
394,'19065','19','065',Fayette County,Iowa,-14,0.0,0.0,-10.0,0.0
395,'19081','19','081',Hancock County,Iowa,-1,0.0,0.0,0.0,0.0
396,'19083','19','083',Hardin County,Iowa,-17,0.0,0.0,0.0,0.0
397,'19095','19','095',Iowa County,Iowa,-5,0.0,0.0,0.0,0.0
398,'19101','19','101',Jefferson County,Iowa,4,0.0,0.0,0.0,0.0
399,'19103','19','103',Johnson County,Iowa,47,0.0,0.0,0.0,0.0
400,'19111','19','111',Lee County,Iowa,-12,0.0,0.0,0.0,0.0
401,'19113','19','113',Linn County,Iowa,44,0.0,0.0,-21.0,15.0
402,'19123','19','123',Mahaska County,Iowa,9,0.0,0.0,0.0,0.0
403,'19127','19','127',Marshall County,Iowa,-53,0.0,0.0,0.0,0.0
404,'19153','19','153',Polk County,Iowa,28,0.0,0.0,0.0,0.0
405,'19155','19','155',Pottawattamie County,Iowa,-16,0.0,0.0,0.0,0.0
406,'19157','19','157',Poweshiek County,Iowa,-9,0.0,0.0,-7.0,0.0
407,'19159','19','159',Ringgold County,Iowa,-5,0.0,0.0,0.0,0.0
408,'19163','19','163',Scott County,Iowa,-5,0.0,0.0,0.0,0.0
409,'19167','19','167',Sioux County,Iowa,-10,0.0,0.0,0.0,0.0
410,'19169','19','169',Story County,Iowa,-15,0.0,0.0,0.0,0.0
411,'19171','19','171',Tama County,Iowa,-11,0.0,0.0,0.0,0.0
412,'19179','19','179',Wapello County,Iowa,-16,0.0,0.0,0.0,0.0
413,'19183','19','183',Washington County,Iowa,-7,0.0,0.0,0.0,0.0
414,'19191','19','191',Winneshiek County,Iowa,-24,0.0,0.0,-15.0,0.0
415,'19193','19','193',Woodbury County,Iowa,-23,0.0,0.0,0.0,0.0
416,'19197','19','197',Wright County,Iowa,-3,0.0,0.0,0.0,0.0
417,'20007','20','007',Barber County,Kansas,-21,0.0,0.0,0.0,0.0
418,'20009','20','009',Barton County,Kansas,170,0.0,0.0,0.0,0.0
419,'20017','20','017',Chase County,Kansas,-2,0.0,0.0,0.0,0.0
420,'20023','20','023',Cheyenne County,Kansas,-17,0.0,0.0,0.0,0.0
421,'20029','20','029',Cloud County,Kansas,-9,0.0,0.0,0.0,0.0
422,'20035','20','035',Cowley County,Kansas,-6,0.0,0.0,0.0,0.0
423,'20037','20','037',Crawford County,Kansas,15,0.0,0.0,0.0,0.0
424,'20045','20','045',Douglas County,Kansas,122,0.0,0.0,24.0,16.0
425,'20051','20','051',Ellis County,Kansas,6,0.0,0.0,0.0,0.0
426,'20061','20','061',Geary County,Kansas,-45,0.0,0.0,0.0,0.0
427,'20069','20','069',Gray County,Kansas,-4,0.0,0.0,0.0,0.0
428,'20091','20','091',Johnson County,Kansas,-82,-74.0,0.0,-89.0,0.0
429,'20103','20','103',Leavenworth County,Kansas,17,0.0,0.0,0.0,0.0
430,'20111','20','111',Lyon County,Kansas,-5,0.0,0.0,0.0,0.0
431,'20123','20','123',Mitchell County,Kansas,-1,0.0,0.0,0.0,0.0
432,'20125','20','125',Montgomery County,Kansas,-3,0.0,0.0,0.0,0.0
433,'20157','20','157',Republic County,Kansas,-1,0.0,0.0,0.0,0.0
434,'20161','20','161',Riley County,Kansas,58,0.0,0.0,0.0,38.0
435,'20169','20','169',Saline County,Kansas,-299,0.0,0.0,0.0,0.0
436,'20173','20','173',Sedgwick County,Kansas,-228,-7.0,-15.0,-193.0,-15.0
437,'20177','20','177',Shawnee County,Kansas,-13,0.0,0.0,0.0,0.0
438,'20191','20','191',Sumner County,Kansas,-10,0.0,0.0,0.0,0.0
439,'20195','20','195',Trego County,Kansas,18,0.0,0.0,0.0,0.0
440,'20203','20','203',Wichita County,Kansas,-7,0.0,0.0,0.0,0.0
441,'20209','20','209',Wyandotte County,Kansas,-62,0.0,-6.0,-19.0,-13.0
442,'21001','21','001',Adair County,Kentucky,77,0.0,0.0,0.0,0.0
443,'21003','21','003',Allen County,Kentucky,9,0.0,0.0,0.0,0.0
444,'21015','21','015',Boone County,Kentucky,30,0.0,0.0,0.0,0.0
445,'21021','21','021',Boyle County,Kentucky,6,0.0,0.0,0.0,0.0
446,'21029','21','029',Bullitt County,Kentucky,-33,0.0,0.0,0.0,0.0
447,'21047','21','047',Christian County,Kentucky,-44,0.0,0.0,0.0,0.0
448,'21051','21','051',Clay County,Kentucky,-13,0.0,0.0,0.0,0.0
449,'21067','21','067',Fayette County,Kentucky,128,8.0,-5.0,9.0,24.0
450,'21093','21','093',Hardin County,Kentucky,-47,0.0,-23.0,-10.0,-10.0
451,'21101','21','101',Henderson County,Kentucky,-9,0.0,0.0,0.0,0.0
452,'21103','21','103',Henry County,Kentucky,28,0.0,0.0,0.0,0.0
453,'21111','21','111',Jefferson County,Kentucky,47,0.0,62.0,0.0,-12.0
454,'21117','21','117',Kenton County,Kentucky,17,0.0,0.0,0.0,0.0
455,'21123','21','123',Larue County,Kentucky,-71,0.0,0.0,0.0,0.0
456,'21151','21','151',Madison County,Kentucky,-29,0.0,0.0,0.0,0.0
457,'21185','21','185',Oldham County,Kentucky,68,0.0,0.0,0.0,0.0
458,'21211','21','211',Shelby County,Kentucky,27,0.0,0.0,0.0,0.0
459,'21227','21','227',Warren County,Kentucky,-43,0.0,0.0,0.0,-16.0
460,'21231','21','231',Wayne County,Kentucky,45,0.0,0.0,0.0,0.0
461,'21239','21','239',Woodford County,Kentucky,-51,0.0,0.0,0.0,0.0
462,'22005','22','005',Ascension Parish,Louisiana,13,0.0,0.0,0.0,0.0
463,'22009','22','009',Avoyelles Parish,Louisiana,-14,0.0,0.0,0.0,0.0
464,'22017','22','017',Caddo Parish,Louisiana,-36,0.0,0.0,0.0,0.0
465,'22019','22','019',Calcasieu Parish,Louisiana,-134,0.0,0.0,0.0,0.0
466,'22021','22','021',Caldwell Parish,Louisiana,4,0.0,0.0,0.0,0.0
467,'22033','22','033',East Baton Rouge Parish,Louisiana,42,-7.0,67.0,-63.0,-37.0
468,'22035','22','035',East Carroll Parish,Louisiana,-4,0.0,0.0,0.0,0.0
469,'22037','22','037',East Feliciana Parish,Louisiana,-8,0.0,0.0,0.0,0.0
470,'22047','22','047',Iberville Parish,Louisiana,-9,0.0,0.0,0.0,0.0
471,'22049','22','049',Jackson Parish,Louisiana,-5,0.0,0.0,0.0,0.0
472,'22051','22','051',Jefferson Parish,Louisiana,112,-46.0,0.0,202.0,176.0
473,'22055','22','055',Lafayette Parish,Louisiana,-40,-33.0,-9.0,11.0,0.0
474,'22057','22','057',Lafourche Parish,Louisiana,-34,0.0,0.0,0.0,0.0
475,'22061','22','061',Lincoln Parish,Louisiana,-39,0.0,0.0,0.0,0.0
476,'22063','22','063',Livingston Parish,Louisiana,-18,0.0,0.0,0.0,0.0
477,'22071','22','071',Orleans Parish,Louisiana,-38,-5.0,-11.0,54.0,-12.0
478,'22073','22','073',Ouachita Parish,Louisiana,21,0.0,0.0,0.0,0.0
479,'22075','22','075',Plaquemines Parish,Louisiana,40,0.0,0.0,0.0,0.0
480,'22079','22','079',Rapides Parish,Louisiana,7,0.0,0.0,0.0,0.0
481,'22087','22','087',St. Bernard Parish,Louisiana,-28,0.0,0.0,0.0,0.0
482,'22089','22','089',St. Charles Parish,Louisiana,19,0.0,0.0,0.0,0.0
483,'22093','22','093',St. James Parish,Louisiana,-10,0.0,0.0,0.0,0.0
484,'22099','22','099',St. Martin Parish,Louisiana,-18,0.0,0.0,0.0,0.0
485,'22103','22','103',St. Tammany Parish,Louisiana,-40,0.0,0.0,0.0,0.0
486,'22105','22','105',Tangipahoa Parish,Louisiana,-42,0.0,-6.0,0.0,0.0
487,'22109','22','109',Terrebonne Parish,Louisiana,-19,0.0,0.0,0.0,0.0
488,'22115','22','115',Vernon Parish,Louisiana,-39,0.0,0.0,0.0,0.0
489,'22119','22','119',Webster Parish,Louisiana,-12,0.0,0.0,0.0,0.0
490,'23001','23','001',Androscoggin County,Maine,-15,0.0,0.0,0.0,0.0
491,'23003','23','003',Aroostook County,Maine,-19,0.0,0.0,0.0,0.0
492,'23005','23','005',Cumberland County,Maine,-297,0.0,0.0,10.0,-85.0
493,'23009','23','009',Hancock County,Maine,-37,0.0,0.0,0.0,0.0
494,'23011','23','011',Kennebec County,Maine,-8,0.0,0.0,0.0,0.0
495,'23015','23','015',Lincoln County,Maine,11,0.0,0.0,0.0,0.0
496,'23019','23','019',Penobscot County,Maine,-26,0.0,0.0,0.0,0.0
497,'23021','23','021',Piscataquis County,Maine,5,0.0,0.0,0.0,0.0
498,'23029','23','029',Washington County,Maine,6,0.0,0.0,0.0,0.0
499,'23031','23','031',York County,Maine,-15,0.0,0.0,0.0,0.0
500,'24003','24','003',Anne Arundel County,Maryland,8,103.0,12.0,0.0,-22.0
501,'24005','24','005',Baltimore County,Maryland,208,16.0,-8.0,14.0,0.0
502,'24011','24','011',Caroline County,Maryland,-10,0.0,0.0,0.0,0.0
503,'24013','24','013',Carroll County,Maryland,25,0.0,0.0,0.0,0.0
504,'24017','24','017',Charles County,Maryland,23,0.0,11.0,0.0,0.0
505,'24021','24','021',Frederick County,Maryland,23,40.0,8.0,0.0,0.0
506,'24025','24','025',Harford County,Maryland,-86,0.0,0.0,0.0,0.0
507,'24027','24','027',Howard County,Maryland,-150,-68.0,60.0,0.0,-8.0
508,'24029','24','029',Kent County,Maryland,-8,0.0,0.0,0.0,0.0
509,'24031','24','031',Montgomery County,Maryland,123,68.0,5.0,21.0,8.0
510,'24033','24','033',Prince George's County,Maryland,-96,27.0,68.0,-174.0,-158.0
511,'24035','24','035',Queen Anne's County,Maryland,-16,0.0,0.0,0.0,0.0
512,'24037','24','037',St. Mary's County,Maryland,4,0.0,0.0,0.0,0.0
513,'24047','24','047',Worcester County,Maryland,-91,0.0,0.0,0.0,0.0
514,'24510','24','510',Baltimore city,Maryland,203,61.0,99.0,-45.0,29.0
515,'25001','25','001',Barnstable County,Massachusetts,10,0.0,0.0,0.0,0.0
516,'25003','25','003',Berkshire County,Massachusetts,-12,0.0,0.0,4.0,28.0
517,'25005','25','005',Bristol County,Massachusetts,78,0.0,0.0,7.0,0.0
518,'25007','25','007',Dukes County,Massachusetts,-69,0.0,0.0,0.0,0.0
519,'25009','25','009',Essex County,Massachusetts,6,-89.0,0.0,-5.0,0.0
520,'25013','25','013',Hampden County,Massachusetts,25,0.0,0.0,0.0,0.0
521,'25015','25','015',Hampshire County,Massachusetts,-70,-4.0,-6.0,-69.0,20.0
522,'25017','25','017',Middlesex County,Massachusetts,-27,-58.0,15.0,2.0,-159.0
523,'25021','25','021',Norfolk County,Massachusetts,-184,-71.0,-22.0,20.0,-107.0
524,'25023','25','023',Plymouth County,Massachusetts,23,0.0,48.0,7.0,17.0
525,'25025','25','025',Suffolk County,Massachusetts,927,204.0,83.0,239.0,87.0
526,'25027','25','027',Worcester County,Massachusetts,-18,9.0,-6.0,-6.0,-25.0
527,'26009','26','009',Antrim County,Michigan,-3,0.0,0.0,0.0,0.0
528,'26013','26','013',Baraga County,Michigan,-15,0.0,0.0,0.0,0.0
529,'26017','26','017',Bay County,Michigan,9,0.0,0.0,0.0,0.0
530,'26021','26','021',Berrien County,Michigan,-22,0.0,0.0,0.0,0.0
531,'26025','26','025',Calhoun County,Michigan,-21,0.0,0.0,0.0,0.0
532,'26029','26','029',Charlevoix County,Michigan,-6,0.0,0.0,0.0,0.0
533,'26033','26','033',Chippewa County,Michigan,16,0.0,0.0,0.0,0.0
534,'26035','26','035',Clare County,Michigan,45,0.0,0.0,0.0,0.0
535,'26037','26','037',Clinton County,Michigan,-20,0.0,0.0,0.0,0.0
536,'26039','26','039',Crawford County,Michigan,-3,0.0,0.0,0.0,0.0
537,'26047','26','047',Emmet County,Michigan,-9,0.0,0.0,0.0,0.0
538,'26049','26','049',Genesee County,Michigan,-27,0.0,10.0,-12.0,-20.0
539,'26053','26','053',Gogebic County,Michigan,-8,0.0,0.0,0.0,0.0
540,'26055','26','055',Grand Traverse County,Michigan,-16,0.0,0.0,0.0,0.0
541,'26057','26','057',Gratiot County,Michigan,-10,0.0,0.0,0.0,0.0
542,'26059','26','059',Hillsdale County,Michigan,14,0.0,0.0,0.0,0.0
543,'26063','26','063',Huron County,Michigan,-3,0.0,0.0,0.0,0.0
544,'26065','26','065',Ingham County,Michigan,-27,0.0,2.0,0.0,10.0
545,'26075','26','075',Jackson County,Michigan,9,0.0,0.0,0.0,0.0
546,'26077','26','077',Kalamazoo County,Michigan,-22,-5.0,-3.0,-14.0,-9.0
547,'26081','26','081',Kent County,Michigan,71,0.0,-15.0,-16.0,-10.0
548,'26085','26','085',Lake County,Michigan,17,0.0,0.0,0.0,0.0
549,'26091','26','091',Lenawee County,Michigan,-22,0.0,0.0,0.0,0.0
550,'26093','26','093',Livingston County,Michigan,22,0.0,0.0,0.0,0.0
551,'26099','26','099',Macomb County,Michigan,-68,-78.0,11.0,0.0,-24.0
552,'26103','26','103',Marquette County,Michigan,-9,0.0,0.0,0.0,0.0
553,'26107','26','107',Mecosta County,Michigan,-5,0.0,0.0,0.0,0.0
554,'26111','26','111',Midland County,Michigan,-9,0.0,0.0,0.0,0.0
555,'26115','26','115',Monroe County,Michigan,-42,0.0,0.0,-11.0,-11.0
556,'26121','26','121',Muskegon County,Michigan,48,0.0,56.0,0.0,7.0
557,'26125','26','125',Oakland County,Michigan,101,-12.0,25.0,48.0,20.0
558,'26137','26','137',Otsego County,Michigan,-3,0.0,0.0,0.0,0.0
559,'26139','26','139',Ottawa County,Michigan,-33,39.0,0.0,-30.0,0.0
560,'26143','26','143',Roscommon County,Michigan,-4,0.0,0.0,0.0,0.0
561,'26145','26','145',Saginaw County,Michigan,2,0.0,0.0,0.0,0.0
562,'26147','26','147',St. Clair County,Michigan,-7,0.0,0.0,0.0,0.0
563,'26149','26','149',St. Joseph County,Michigan,-9,0.0,0.0,0.0,0.0
564,'26159','26','159',Van Buren County,Michigan,10,0.0,0.0,0.0,0.0
565,'26161','26','161',Washtenaw County,Michigan,127,4.0,21.0,1.0,9.0
566,'26163','26','163',Wayne County,Michigan,272,-5.0,-29.0,23.0,-11.0
567,'26165','26','165',Wexford County,Michigan,-12,0.0,0.0,0.0,0.0
568,'27001','27','001',Aitkin County,Minnesota,-4,0.0,0.0,0.0,0.0
569,'27003','27','003',Anoka County,Minnesota,-233,0.0,0.0,0.0,0.0
570,'27007','27','007',Beltrami County,Minnesota,81,0.0,0.0,0.0,0.0
571,'27013','27','013',Blue Earth County,Minnesota,-2,0.0,0.0,0.0,0.0
572,'27017','27','017',Carlton County,Minnesota,-1,0.0,0.0,0.0,0.0
573,'27019','27','019',Carver County,Minnesota,-3,0.0,0.0,0.0,0.0
574,'27021','27','021',Cass County,Minnesota,7,0.0,0.0,0.0,0.0
575,'27033','27','033',Cottonwood County,Minnesota,-11,0.0,0.0,0.0,0.0
576,'27035','27','035',Crow Wing County,Minnesota,-29,0.0,0.0,0.0,0.0
577,'27037','27','037',Dakota County,Minnesota,-18,4.0,0.0,-17.0,5.0
578,'27039','27','039',Dodge County,Minnesota,88,0.0,0.0,0.0,0.0
579,'27041','27','041',Douglas County,Minnesota,12,0.0,0.0,0.0,0.0
580,'27043','27','043',Faribault County,Minnesota,-1,0.0,0.0,0.0,0.0
581,'27045','27','045',Fillmore County,Minnesota,131,0.0,0.0,4.0,4.0
582,'27053','27','053',Hennepin County,Minnesota,-479,8.0,-73.0,-244.0,-112.0
583,'27061','27','061',Itasca County,Minnesota,8,0.0,0.0,0.0,0.0
584,'27079','27','079',Le Sueur County,Minnesota,-24,0.0,0.0,0.0,0.0
585,'27083','27','083',Lyon County,Minnesota,-1,0.0,0.0,0.0,0.0
586,'27085','27','085',McLeod County,Minnesota,14,0.0,0.0,0.0,0.0
587,'27097','27','097',Morrison County,Minnesota,-8,0.0,0.0,0.0,0.0
588,'27109','27','109',Olmsted County,Minnesota,33,0.0,0.0,0.0,0.0
589,'27113','27','113',Pennington County,Minnesota,-41,0.0,0.0,0.0,0.0
590,'27119','27','119',Polk County,Minnesota,-20,0.0,-20.0,0.0,0.0
591,'27121','27','121',Pope County,Minnesota,-11,0.0,0.0,0.0,0.0
592,'27123','27','123',Ramsey County,Minnesota,198,95.0,83.0,-31.0,15.0
593,'27131','27','131',Rice County,Minnesota,-41,0.0,0.0,0.0,-19.0
594,'27137','27','137',St. Louis County,Minnesota,-31,0.0,0.0,0.0,0.0
595,'27139','27','139',Scott County,Minnesota,-25,0.0,0.0,0.0,0.0
596,'27141','27','141',Sherburne County,Minnesota,20,0.0,0.0,0.0,0.0
597,'27143','27','143',Sibley County,Minnesota,-3,0.0,0.0,0.0,0.0
598,'27145','27','145',Stearns County,Minnesota,21,0.0,0.0,0.0,0.0
599,'27149','27','149',Stevens County,Minnesota,-2,0.0,0.0,0.0,0.0
600,'27151','27','151',Swift County,Minnesota,-8,0.0,0.0,0.0,0.0
601,'27157','27','157',Wabasha County,Minnesota,-2,0.0,0.0,0.0,0.0
602,'27163','27','163',Washington County,Minnesota,-84,13.0,15.0,-153.0,-12.0
603,'27169','27','169',Winona County,Minnesota,6,0.0,0.0,0.0,0.0
604,'27173','27','173',Yellow Medicine County,Minnesota,-3,0.0,0.0,0.0,0.0
605,'28001','28','001',Adams County,Mississippi,-7,0.0,0.0,0.0,0.0
606,'28003','28','003',Alcorn County,Mississippi,-96,0.0,0.0,0.0,0.0
607,'28005','28','005',Amite County,Mississippi,8,0.0,0.0,0.0,0.0
608,'28007','28','007',Attala County,Mississippi,-2,0.0,0.0,0.0,0.0
609,'28011','28','011',Bolivar County,Mississippi,-43,0.0,0.0,0.0,0.0
610,'28013','28','013',Calhoun County,Mississippi,-2,0.0,0.0,0.0,0.0
611,'28027','28','027',Coahoma County,Mississippi,25,0.0,0.0,0.0,0.0
612,'28033','28','033',DeSoto County,Mississippi,44,0.0,0.0,0.0,0.0
613,'28035','28','035',Forrest County,Mississippi,-38,0.0,-19.0,-19.0,-11.0
614,'28045','28','045',Hancock County,Mississippi,31,0.0,0.0,0.0,0.0
615,'28047','28','047',Harrison County,Mississippi,-42,-1.0,-6.0,-19.0,-6.0
616,'28049','28','049',Hinds County,Mississippi,-25,0.0,0.0,0.0,0.0
617,'28059','28','059',Jackson County,Mississippi,-91,0.0,0.0,0.0,0.0
618,'28075','28','075',Lauderdale County,Mississippi,88,0.0,0.0,0.0,0.0
619,'28077','28','077',Lawrence County,Mississippi,-8,0.0,0.0,0.0,0.0
620,'28081','28','081',Lee County,Mississippi,8,0.0,0.0,0.0,0.0
621,'28087','28','087',Lowndes County,Mississippi,-43,0.0,0.0,0.0,0.0
622,'28089','28','089',Madison County,Mississippi,-46,0.0,0.0,0.0,0.0
623,'28091','28','091',Marion County,Mississippi,-29,0.0,0.0,0.0,0.0
624,'28093','28','093',Marshall County,Mississippi,-6,0.0,0.0,0.0,0.0
625,'28113','28','113',Pike County,Mississippi,-19,0.0,0.0,0.0,0.0
626,'28121','28','121',Rankin County,Mississippi,-14,0.0,0.0,0.0,0.0
627,'28135','28','135',Tallahatchie County,Mississippi,-170,0.0,-44.0,-104.0,-72.0
628,'28151','28','151',Washington County,Mississippi,-23,0.0,0.0,0.0,0.0
629,'28163','28','163',Yazoo County,Mississippi,-19,0.0,0.0,0.0,0.0
630,'29003','29','003',Andrew County,Missouri,35,0.0,0.0,0.0,0.0
631,'29019','29','019',Boone County,Missouri,-118,0.0,0.0,0.0,0.0
632,'29021','29','021',Buchanan County,Missouri,29,0.0,0.0,0.0,0.0
633,'29023','29','023',Butler County,Missouri,-13,0.0,0.0,0.0,0.0
634,'29027','29','027',Callaway County,Missouri,-4,0.0,0.0,0.0,0.0
635,'29037','29','037',Cass County,Missouri,25,0.0,0.0,0.0,0.0
636,'29047','29','047',Clay County,Missouri,-34,-26.0,0.0,-43.0,0.0
637,'29051','29','051',Cole County,Missouri,-7,0.0,0.0,0.0,0.0
638,'29063','29','063',DeKalb County,Missouri,-15,0.0,0.0,0.0,0.0
639,'29067','29','067',Douglas County,Missouri,-15,0.0,0.0,0.0,0.0
640,'29077','29','077',Greene County,Missouri,90,0.0,13.0,21.0,8.0
641,'29083','29','083',Henry County,Missouri,-5,0.0,0.0,0.0,0.0
642,'29089','29','089',Howard County,Missouri,8,0.0,0.0,0.0,0.0
643,'29095','29','095',Jackson County,Missouri,-15,-5.0,-87.0,59.0,33.0
644,'29097','29','097',Jasper County,Missouri,-165,0.0,0.0,0.0,0.0
645,'29099','29','099',Jefferson County,Missouri,-20,0.0,0.0,0.0,0.0
646,'29101','29','101',Johnson County,Missouri,-38,0.0,-28.0,0.0,0.0
647,'29103','29','103',Knox County,Missouri,-10,0.0,0.0,0.0,0.0
648,'29111','29','111',Lewis County,Missouri,-7,0.0,0.0,0.0,0.0
649,'29117','29','117',Livingston County,Missouri,-20,0.0,0.0,0.0,0.0
650,'29119','29','119',McDonald County,Missouri,-36,0.0,0.0,0.0,0.0
651,'29127','29','127',Marion County,Missouri,-9,0.0,0.0,0.0,0.0
652,'29145','29','145',Newton County,Missouri,-22,0.0,-8.0,0.0,0.0
653,'29149','29','149',Oregon County,Missouri,-22,0.0,0.0,0.0,0.0
654,'29159','29','159',Pettis County,Missouri,-3,0.0,0.0,0.0,0.0
655,'29165','29','165',Platte County,Missouri,-140,0.0,0.0,0.0,0.0
656,'29169','29','169',Pulaski County,Missouri,-102,0.0,0.0,0.0,0.0
657,'29177','29','177',Ray County,Missouri,18,0.0,0.0,0.0,0.0
658,'29183','29','183',St. Charles County,Missouri,-126,-12.0,-5.0,-19.0,-7.0
659,'29189','29','189',St. Louis County,Missouri,44,-112.0,41.0,19.0,17.0
660,'29195','29','195',Saline County,Missouri,-11,0.0,0.0,0.0,0.0
661,'29211','29','211',Sullivan County,Missouri,-9,0.0,0.0,0.0,0.0
662,'29219','29','219',Warren County,Missouri,37,0.0,0.0,0.0,0.0
663,'29225','29','225',Webster County,Missouri,-23,0.0,0.0,0.0,0.0
664,'29510','29','510',St. Louis city,Missouri,32,0.0,-5.0,56.0,0.0
665,'30005','30','005',Blaine County,Montana,9,0.0,0.0,0.0,0.0
666,'30007','30','007',Broadwater County,Montana,-35,0.0,0.0,0.0,0.0
667,'30009','30','009',Carbon County,Montana,-4,0.0,0.0,0.0,0.0
668,'30013','30','013',Cascade County,Montana,-11,0.0,-12.0,-27.0,0.0
669,'30017','30','017',Custer County,Montana,-2,0.0,0.0,0.0,0.0
670,'30023','30','023',Deer Lodge County,Montana,-68,0.0,0.0,0.0,0.0
671,'30027','30','027',Fergus County,Montana,-2,0.0,0.0,0.0,0.0
672,'30029','30','029',Flathead County,Montana,30,0.0,0.0,0.0,0.0
673,'30031','30','031',Gallatin County,Montana,-10,0.0,0.0,0.0,0.0
674,'30041','30','041',Hill County,Montana,-4,0.0,0.0,0.0,0.0
675,'30047','30','047',Lake County,Montana,-22,0.0,0.0,0.0,0.0
676,'30049','30','049',Lewis and Clark County,Montana,-45,0.0,-6.0,-24.0,0.0
677,'30053','30','053',Lincoln County,Montana,-29,0.0,0.0,0.0,0.0
678,'30057','30','057',Madison County,Montana,-4,0.0,0.0,0.0,0.0
679,'30063','30','063',Missoula County,Montana,-90,0.0,0.0,0.0,0.0
680,'30081','30','081',Ravalli County,Montana,16,0.0,0.0,0.0,0.0
681,'30089','30','089',Sanders County,Montana,26,0.0,0.0,0.0,0.0
682,'30111','30','111',Yellowstone County,Montana,21,0.0,0.0,0.0,0.0
683,'31013','31','013',Box Butte County,Nebraska,-22,0.0,0.0,0.0,0.0
684,'31019','31','019',Buffalo County,Nebraska,-10,0.0,0.0,0.0,0.0
685,'31025','31','025',Cass County,Nebraska,-4,0.0,0.0,0.0,0.0
686,'31027','31','027',Cedar County,Nebraska,-1,0.0,0.0,0.0,0.0
687,'31037','31','037',Colfax County,Nebraska,-86,0.0,0.0,0.0,0.0
688,'31041','31','041',Custer County,Nebraska,18,0.0,0.0,0.0,0.0
689,'31053','31','053',Dodge County,Nebraska,-3,0.0,0.0,0.0,0.0
690,'31055','31','055',Douglas County,Nebraska,-9,0.0,31.0,52.0,37.0
691,'31079','31','079',Hall County,Nebraska,-5,0.0,0.0,0.0,0.0
692,'31085','31','085',Hayes County,Nebraska,-10,0.0,0.0,0.0,0.0
693,'31109','31','109',Lancaster County,Nebraska,-224,0.0,-21.0,-17.0,-21.0
694,'31111','31','111',Lincoln County,Nebraska,35,0.0,0.0,0.0,0.0
695,'31121','31','121',Merrick County,Nebraska,-7,0.0,0.0,0.0,0.0
696,'31133','31','133',Pawnee County,Nebraska,-1,0.0,0.0,0.0,0.0
697,'31143','31','143',Polk County,Nebraska,-7,0.0,0.0,0.0,0.0
698,'31145','31','145',Red Willow County,Nebraska,-23,0.0,0.0,0.0,0.0
699,'31153','31','153',Sarpy County,Nebraska,-12,0.0,0.0,0.0,0.0
700,'31159','31','159',Seward County,Nebraska,-29,0.0,0.0,0.0,0.0
701,'31177','31','177',Washington County,Nebraska,-4,0.0,0.0,0.0,0.0
702,'32001','32','001',Churchill County,Nevada,-10,0.0,0.0,0.0,0.0
703,'32003','32','003',Clark County,Nevada,-6896,-1361.0,-2032.0,-2244.0,-1386.0
704,'32005','32','005',Douglas County,Nevada,53,0.0,0.0,0.0,-2.0
705,'32007','32','007',Elko County,Nevada,-56,0.0,0.0,0.0,0.0
706,'32013','32','013',Humboldt County,Nevada,13,0.0,0.0,0.0,0.0
707,'32015','32','015',Lander County,Nevada,6,0.0,0.0,0.0,0.0
708,'32017','32','017',Lincoln County,Nevada,-15,0.0,0.0,0.0,0.0
709,'32019','32','019',Lyon County,Nevada,-93,0.0,0.0,0.0,0.0
710,'32023','32','023',Nye County,Nevada,-137,0.0,-10.0,40.0,0.0
711,'32027','32','027',Pershing County,Nevada,-3,0.0,0.0,0.0,0.0
712,'32029','32','029',Storey County,Nevada,-1,0.0,0.0,0.0,0.0
713,'32031','32','031',Washoe County,Nevada,-8,62.0,162.0,-40.0,18.0
714,'32033','32','033',White Pine County,Nevada,-12,0.0,0.0,0.0,0.0
715,'32510','32','510',Carson City,Nevada,5,-32.0,0.0,44.0,31.0
716,'33001','33','001',Belknap County,New Hampshire,11,0.0,0.0,0.0,0.0
717,'33003','33','003',Carroll County,New Hampshire,6,0.0,0.0,0.0,0.0
718,'33005','33','005',Cheshire County,New Hampshire,17,0.0,0.0,0.0,0.0
719,'33007','33','007',Coos County,New Hampshire,-1,0.0,0.0,0.0,0.0
720,'33009','33','009',Grafton County,New Hampshire,-44,11.0,0.0,-26.0,0.0
721,'33011','33','011',Hillsborough County,New Hampshire,-8,0.0,0.0,0.0,0.0
722,'33013','33','013',Merrimack County,New Hampshire,-4,0.0,0.0,0.0,0.0
723,'33015','33','015',Rockingham County,New Hampshire,-50,-79.0,10.0,0.0,-3.0
724,'33017','33','017',Strafford County,New Hampshire,-15,0.0,0.0,0.0,0.0
725,'34001','34','001',Atlantic County,New Jersey,36,0.0,0.0,0.0,0.0
726,'34003','34','003',Bergen County,New Jersey,251,-15.0,0.0,21.0,35.0
727,'34005','34','005',Burlington County,New Jersey,-137,0.0,0.0,0.0,0.0
728,'34007','34','007',Camden County,New Jersey,100,7.0,0.0,0.0,0.0
729,'34009','34','009',Cape May County,New Jersey,17,0.0,0.0,0.0,0.0
730,'34013','34','013',Essex County,New Jersey,303,99.0,-34.0,-27.0,-10.0
731,'34015','34','015',Gloucester County,New Jersey,8,0.0,0.0,0.0,0.0
732,'34017','34','017',Hudson County,New Jersey,293,135.0,0.0,20.0,2.0
733,'34019','34','019',Hunterdon County,New Jersey,24,0.0,0.0,0.0,0.0
734,'34021','34','021',Mercer County,New Jersey,-271,-34.0,-65.0,-171.0,-29.0
735,'34023','34','023',Middlesex County,New Jersey,-95,-112.0,-8.0,0.0,0.0
736,'34025','34','025',Monmouth County,New Jersey,8,0.0,24.0,-8.0,0.0
737,'34027','34','027',Morris County,New Jersey,93,47.0,-7.0,-6.0,11.0
738,'34029','34','029',Ocean County,New Jersey,3,-10.0,0.0,0.0,0.0
739,'34031','34','031',Passaic County,New Jersey,13,0.0,0.0,0.0,0.0
740,'34033','34','033',Salem County,New Jersey,-80,0.0,0.0,0.0,0.0
741,'34035','34','035',Somerset County,New Jersey,-82,-207.0,0.0,10.0,0.0
742,'34037','34','037',Sussex County,New Jersey,-16,0.0,0.0,0.0,0.0
743,'34039','34','039',Union County,New Jersey,290,-6.0,0.0,28.0,28.0
744,'34041','34','041',Warren County,New Jersey,5,0.0,0.0,0.0,0.0
745,'35001','35','001',Bernalillo County,New Mexico,-224,127.0,-26.0,-216.0,-149.0
746,'35005','35','005',Chaves County,New Mexico,-67,-76.0,0.0,-44.0,0.0
747,'35006','35','006',Cibola County,New Mexico,-13,0.0,0.0,0.0,0.0
748,'35009','35','009',Curry County,New Mexico,-4,0.0,33.0,-52.0,-1.0
749,'35013','35','013',Doa Ana County,New Mexico,-191,0.0,0.0,0.0,0.0
750,'35015','35','015',Eddy County,New Mexico,-2,0.0,0.0,0.0,0.0
751,'35017','35','017',Grant County,New Mexico,27,0.0,0.0,0.0,0.0
752,'35019','35','019',Guadalupe County,New Mexico,-10,0.0,0.0,0.0,0.0
753,'35025','35','025',Lea County,New Mexico,23,0.0,0.0,0.0,0.0
754,'35027','35','027',Lincoln County,New Mexico,-9,0.0,0.0,0.0,0.0
755,'35028','35','028',Los Alamos County,New Mexico,-1,0.0,0.0,0.0,0.0
756,'35029','35','029',Luna County,New Mexico,31,0.0,0.0,0.0,0.0
757,'35031','35','031',McKinley County,New Mexico,-40,0.0,0.0,0.0,0.0
758,'35035','35','035',Otero County,New Mexico,-117,0.0,0.0,0.0,0.0
759,'35043','35','043',Sandoval County,New Mexico,81,0.0,0.0,-56.0,-38.0
760,'35045','35','045',San Juan County,New Mexico,-64,0.0,0.0,-39.0,-29.0
761,'35047','35','047',San Miguel County,New Mexico,-38,0.0,-6.0,0.0,-27.0
762,'35049','35','049',Santa Fe County,New Mexico,-21,-9.0,49.0,-7.0,-54.0
763,'35055','35','055',Taos County,New Mexico,-21,0.0,0.0,0.0,0.0
764,'36001','36','001',Albany County,New York,50,-17.0,6.0,15.0,20.0
765,'36003','36','003',Allegany County,New York,23,23.0,0.0,0.0,0.0
766,'36005','36','005',Bronx County,New York,172,6.0,119.0,59.0,39.0
767,'36007','36','007',Broome County,New York,-30,0.0,0.0,0.0,0.0
768,'36019','36','019',Clinton County,New York,13,0.0,0.0,0.0,0.0
769,'36025','36','025',Delaware County,New York,-9,0.0,0.0,0.0,0.0
770,'36027','36','027',Dutchess County,New York,-25,-26.0,21.0,55.0,-20.0
771,'36029','36','029',Erie County,New York,113,40.0,0.0,-7.0,0.0
772,'36031','36','031',Essex County,New York,-4,0.0,0.0,0.0,0.0
773,'36039','36','039',Greene County,New York,7,0.0,0.0,0.0,0.0
774,'36043','36','043',Herkimer County,New York,41,0.0,0.0,0.0,0.0
775,'36045','36','045',Jefferson County,New York,-59,0.0,0.0,-46.0,-46.0
776,'36047','36','047',Kings County,New York,1909,57.0,159.0,225.0,307.0
777,'36051','36','051',Livingston County,New York,17,0.0,0.0,0.0,0.0
778,'36053','36','053',Madison County,New York,8,0.0,0.0,0.0,0.0
779,'36055','36','055',Monroe County,New York,-71,0.0,-4.0,-32.0,-1.0
780,'36059','36','059',Nassau County,New York,-123,1.0,0.0,10.0,-11.0
781,'36061','36','061',New York County,New York,441,29.0,94.0,31.0,-85.0
782,'36063','36','063',Niagara County,New York,8,0.0,0.0,0.0,0.0
783,'36065','36','065',Oneida County,New York,8,0.0,0.0,0.0,0.0
784,'36067','36','067',Onondaga County,New York,-7,3.0,-5.0,-24.0,-22.0
785,'36069','36','069',Ontario County,New York,-109,0.0,0.0,0.0,0.0
786,'36071','36','071',Orange County,New York,-41,0.0,0.0,0.0,0.0
787,'36075','36','075',Oswego County,New York,2,0.0,0.0,0.0,0.0
788,'36077','36','077',Otsego County,New York,20,0.0,0.0,0.0,0.0
789,'36079','36','079',Putnam County,New York,-26,0.0,0.0,0.0,0.0
790,'36081','36','081',Queens County,New York,342,151.0,70.0,-114.0,-3.0
791,'36083','36','083',Rensselaer County,New York,-64,0.0,0.0,-5.0,-6.0
792,'36085','36','085',Richmond County,New York,85,0.0,0.0,0.0,0.0
793,'36087','36','087',Rockland County,New York,36,0.0,0.0,0.0,0.0
794,'36089','36','089',St. Lawrence County,New York,42,0.0,0.0,0.0,0.0
795,'36091','36','091',Saratoga County,New York,-64,0.0,0.0,0.0,0.0
796,'36093','36','093',Schenectady County,New York,46,0.0,0.0,0.0,0.0
797,'36099','36','099',Seneca County,New York,-2,0.0,0.0,0.0,0.0
798,'36101','36','101',Steuben County,New York,-8,0.0,0.0,0.0,0.0
799,'36103','36','103',Suffolk County,New York,-80,16.0,0.0,-35.0,-28.0
800,'36105','36','105',Sullivan County,New York,-3,0.0,0.0,0.0,0.0
801,'36109','36','109',Tompkins County,New York,53,5.0,0.0,-3.0,20.0
802,'36111','36','111',Ulster County,New York,-36,0.0,0.0,-15.0,-15.0
803,'36113','36','113',Warren County,New York,-4,0.0,0.0,0.0,0.0
804,'36115','36','115',Washington County,New York,-2,0.0,0.0,0.0,0.0
805,'36117','36','117',Wayne County,New York,-70,0.0,0.0,0.0,0.0
806,'36119','36','119',Westchester County,New York,435,-18.0,-93.0,138.0,177.0
807,'37001','37','001',Alamance County,North Carolina,51,0.0,0.0,0.0,0.0
808,'37019','37','019',Brunswick County,North Carolina,52,0.0,0.0,0.0,0.0
809,'37021','37','021',Buncombe County,North Carolina,-34,0.0,0.0,0.0,0.0
810,'37025','37','025',Cabarrus County,North Carolina,-80,0.0,0.0,0.0,0.0
811,'37027','37','027',Caldwell County,North Carolina,-15,0.0,0.0,0.0,0.0
812,'37031','37','031',Carteret County,North Carolina,19,0.0,0.0,0.0,0.0
813,'37035','37','035',Catawba County,North Carolina,25,0.0,0.0,0.0,0.0
814,'37045','37','045',Cleveland County,North Carolina,7,0.0,0.0,0.0,0.0
815,'37047','37','047',Columbus County,North Carolina,10,0.0,0.0,0.0,0.0
816,'37049','37','049',Craven County,North Carolina,22,16.0,0.0,15.0,-19.0
817,'37051','37','051',Cumberland County,North Carolina,-153,0.0,0.0,0.0,0.0
818,'37055','37','055',Dare County,North Carolina,-15,0.0,0.0,0.0,0.0
819,'37057','37','057',Davidson County,North Carolina,15,0.0,0.0,0.0,0.0
820,'37063','37','063',Durham County,North Carolina,-157,-32.0,-12.0,-15.0,19.0
821,'37067','37','067',Forsyth County,North Carolina,-73,0.0,0.0,0.0,0.0
822,'37071','37','071',Gaston County,North Carolina,-10,0.0,0.0,0.0,0.0
823,'37081','37','081',Guilford County,North Carolina,49,23.0,0.0,37.0,26.0
824,'37085','37','085',Harnett County,North Carolina,-76,0.0,0.0,0.0,0.0
825,'37087','37','087',Haywood County,North Carolina,-50,0.0,0.0,-24.0,-14.0
826,'37089','37','089',Henderson County,North Carolina,2,0.0,0.0,0.0,0.0
827,'37091','37','091',Hertford County,North Carolina,-87,0.0,0.0,0.0,0.0
828,'37093','37','093',Hoke County,North Carolina,-91,0.0,0.0,0.0,0.0
829,'37097','37','097',Iredell County,North Carolina,70,0.0,0.0,8.0,8.0
830,'37119','37','119',Mecklenburg County,North Carolina,6,-40.0,73.0,7.0,19.0
831,'37129','37','129',New Hanover County,North Carolina,-30,0.0,0.0,0.0,0.0
832,'37133','37','133',Onslow County,North Carolina,19,-10.0,-12.0,4.0,-17.0
833,'37135','37','135',Orange County,North Carolina,-166,0.0,0.0,0.0,0.0
834,'37139','37','139',Pasquotank County,North Carolina,18,0.0,0.0,0.0,0.0
835,'37147','37','147',Pitt County,North Carolina,-10,0.0,0.0,0.0,0.0
836,'37149','37','149',Polk County,North Carolina,-7,0.0,0.0,0.0,0.0
837,'37151','37','151',Randolph County,North Carolina,-7,0.0,0.0,0.0,0.0
838,'37153','37','153',Richmond County,North Carolina,9,0.0,0.0,0.0,0.0
839,'37157','37','157',Rockingham County,North Carolina,-4,0.0,0.0,0.0,0.0
840,'37165','37','165',Scotland County,North Carolina,-4,0.0,0.0,0.0,0.0
841,'37167','37','167',Stanly County,North Carolina,32,0.0,0.0,0.0,0.0
842,'37179','37','179',Union County,North Carolina,-285,0.0,0.0,0.0,0.0
843,'37183','37','183',Wake County,North Carolina,-177,51.0,-63.0,-132.0,-79.0
844,'37189','37','189',Watauga County,North Carolina,8,0.0,0.0,0.0,0.0
845,'37195','37','195',Wilson County,North Carolina,-6,0.0,0.0,0.0,0.0
846,'38009','38','009',Bottineau County,North Dakota,9,0.0,0.0,0.0,0.0
847,'38015','38','015',Burleigh County,North Dakota,10,0.0,0.0,0.0,0.0
848,'38017','38','017',Cass County,North Dakota,9,0.0,0.0,0.0,0.0
849,'38035','38','035',Grand Forks County,North Dakota,-46,0.0,0.0,0.0,0.0
850,'38053','38','053',McKenzie County,North Dakota,20,0.0,0.0,0.0,0.0
851,'38061','38','061',Mountrail County,North Dakota,-14,0.0,0.0,0.0,0.0
852,'38083','38','083',Sheridan County,North Dakota,19,0.0,0.0,0.0,0.0
853,'38085','38','085',Sioux County,North Dakota,-2,0.0,0.0,0.0,0.0
854,'38089','38','089',Stark County,North Dakota,-2,0.0,0.0,0.0,0.0
855,'38093','38','093',Stutsman County,North Dakota,-11,0.0,0.0,0.0,0.0
856,'38097','38','097',Traill County,North Dakota,13,0.0,0.0,0.0,0.0
857,'38101','38','101',Ward County,North Dakota,-20,0.0,0.0,-6.0,0.0
858,'39009','39','009',Athens County,Ohio,-27,10.0,-11.0,0.0,9.0
859,'39013','39','013',Belmont County,Ohio,25,0.0,0.0,0.0,0.0
860,'39015','39','015',Brown County,Ohio,-8,0.0,0.0,0.0,0.0
861,'39017','39','017',Butler County,Ohio,-26,0.0,0.0,0.0,0.0
862,'39023','39','023',Clark County,Ohio,-23,0.0,0.0,0.0,0.0
863,'39025','39','025',Clermont County,Ohio,15,0.0,0.0,0.0,0.0
864,'39027','39','027',Clinton County,Ohio,-58,0.0,0.0,0.0,0.0
865,'39029','39','029',Columbiana County,Ohio,-31,0.0,0.0,0.0,0.0
866,'39033','39','033',Crawford County,Ohio,-13,0.0,0.0,0.0,0.0
867,'39035','39','035',Cuyahoga County,Ohio,35,23.0,53.0,-51.0,-37.0
868,'39037','39','037',Darke County,Ohio,-7,0.0,0.0,0.0,0.0
869,'39041','39','041',Delaware County,Ohio,-35,0.0,0.0,0.0,0.0
870,'39045','39','045',Fairfield County,Ohio,-14,0.0,0.0,0.0,0.0
871,'39049','39','049',Franklin County,Ohio,165,32.0,-29.0,-98.0,34.0
872,'39055','39','055',Geauga County,Ohio,-5,0.0,0.0,0.0,0.0
873,'39057','39','057',Greene County,Ohio,66,0.0,0.0,0.0,0.0
874,'39059','39','059',Guernsey County,Ohio,-60,0.0,0.0,0.0,0.0
875,'39061','39','061',Hamilton County,Ohio,-10,7.0,-31.0,-2.0,-23.0
876,'39063','39','063',Hancock County,Ohio,54,0.0,0.0,0.0,0.0
877,'39069','39','069',Henry County,Ohio,45,0.0,0.0,0.0,0.0
878,'39081','39','081',Jefferson County,Ohio,-27,0.0,0.0,0.0,0.0
879,'39083','39','083',Knox County,Ohio,-40,0.0,0.0,-15.0,0.0
880,'39085','39','085',Lake County,Ohio,-15,0.0,0.0,0.0,0.0
881,'39089','39','089',Licking County,Ohio,-32,0.0,0.0,0.0,0.0
882,'39093','39','093',Lorain County,Ohio,-96,0.0,0.0,0.0,0.0
883,'39095','39','095',Lucas County,Ohio,96,0.0,0.0,0.0,0.0
884,'39099','39','099',Mahoning County,Ohio,-89,0.0,-9.0,-65.0,-9.0
885,'39103','39','103',Medina County,Ohio,29,0.0,0.0,0.0,0.0
886,'39107','39','107',Mercer County,Ohio,-7,0.0,0.0,0.0,0.0
887,'39109','39','109',Miami County,Ohio,-18,0.0,0.0,0.0,0.0
888,'39113','39','113',Montgomery County,Ohio,57,21.0,0.0,0.0,63.0
889,'39119','39','119',Muskingum County,Ohio,-3,0.0,0.0,0.0,0.0
890,'39125','39','125',Paulding County,Ohio,18,0.0,0.0,0.0,0.0
891,'39129','39','129',Pickaway County,Ohio,-30,0.0,0.0,0.0,0.0
892,'39133','39','133',Portage County,Ohio,73,0.0,0.0,0.0,0.0
893,'39139','39','139',Richland County,Ohio,16,0.0,0.0,0.0,0.0
894,'39141','39','141',Ross County,Ohio,-10,0.0,0.0,0.0,0.0
895,'39143','39','143',Sandusky County,Ohio,89,0.0,0.0,0.0,0.0
896,'39151','39','151',Stark County,Ohio,-141,0.0,0.0,0.0,0.0
897,'39153','39','153',Summit County,Ohio,243,21.0,48.0,0.0,34.0
898,'39155','39','155',Trumbull County,Ohio,35,0.0,0.0,0.0,0.0
899,'39165','39','165',Warren County,Ohio,3,0.0,0.0,0.0,0.0
900,'39167','39','167',Washington County,Ohio,-9,0.0,0.0,0.0,0.0
901,'39173','39','173',Wood County,Ohio,11,0.0,0.0,0.0,0.0
902,'40009','40','009',Beckham County,Oklahoma,24,0.0,0.0,0.0,0.0
903,'40013','40','013',Bryan County,Oklahoma,-14,0.0,0.0,0.0,0.0
904,'40017','40','017',Canadian County,Oklahoma,-75,0.0,0.0,0.0,0.0
905,'40019','40','019',Carter County,Oklahoma,-43,0.0,0.0,0.0,0.0
906,'40021','40','021',Cherokee County,Oklahoma,8,0.0,0.0,0.0,0.0
907,'40027','40','027',Cleveland County,Oklahoma,55,0.0,0.0,0.0,0.0
908,'40031','40','031',Comanche County,Oklahoma,-126,0.0,0.0,0.0,0.0
909,'40039','40','039',Custer County,Oklahoma,23,0.0,0.0,9.0,0.0
910,'40041','40','041',Delaware County,Oklahoma,-18,0.0,0.0,0.0,0.0
911,'40051','40','051',Grady County,Oklahoma,-5,0.0,0.0,0.0,0.0
912,'40065','40','065',Jackson County,Oklahoma,-9,0.0,0.0,0.0,0.0
913,'40071','40','071',Kay County,Oklahoma,77,0.0,0.0,0.0,0.0
914,'40079','40','079',Le Flore County,Oklahoma,-4,0.0,0.0,0.0,0.0
915,'40081','40','081',Lincoln County,Oklahoma,-7,0.0,0.0,0.0,0.0
916,'40097','40','097',Mayes County,Oklahoma,-1,0.0,0.0,0.0,0.0
917,'40101','40','101',Muskogee County,Oklahoma,-15,0.0,0.0,-7.0,0.0
918,'40109','40','109',Oklahoma County,Oklahoma,-98,-8.0,78.0,-219.0,-59.0
919,'40113','40','113',Osage County,Oklahoma,12,0.0,0.0,0.0,0.0
920,'40115','40','115',Ottawa County,Oklahoma,-1,0.0,0.0,0.0,0.0
921,'40117','40','117',Pawnee County,Oklahoma,-4,0.0,0.0,0.0,0.0
922,'40119','40','119',Payne County,Oklahoma,29,0.0,0.0,0.0,0.0
923,'40121','40','121',Pittsburg County,Oklahoma,14,0.0,0.0,0.0,0.0
924,'40123','40','123',Pontotoc County,Oklahoma,41,0.0,0.0,0.0,0.0
925,'40125','40','125',Pottawatomie County,Oklahoma,-4,0.0,0.0,0.0,0.0
926,'40131','40','131',Rogers County,Oklahoma,-2,0.0,0.0,0.0,0.0
927,'40133','40','133',Seminole County,Oklahoma,-7,0.0,0.0,0.0,0.0
928,'40137','40','137',Stephens County,Oklahoma,-8,0.0,0.0,0.0,0.0
929,'40143','40','143',Tulsa County,Oklahoma,-247,-8.0,27.0,-101.0,-95.0
930,'40147','40','147',Washington County,Oklahoma,5,0.0,0.0,0.0,0.0
931,'41003','41','003',Benton County,Oregon,14,20.0,0.0,0.0,13.0
932,'41005','41','005',Clackamas County,Oregon,-76,38.0,0.0,-18.0,0.0
933,'41007','41','007',Clatsop County,Oregon,-36,0.0,0.0,0.0,0.0
934,'41011','41','011',Coos County,Oregon,9,0.0,0.0,0.0,0.0
935,'41013','41','013',Crook County,Oregon,-67,0.0,0.0,0.0,0.0
936,'41015','41','015',Curry County,Oregon,10,0.0,0.0,0.0,0.0
937,'41017','41','017',Deschutes County,Oregon,-116,0.0,-1.0,7.0,0.0
938,'41019','41','019',Douglas County,Oregon,-65,0.0,0.0,-44.0,0.0
939,'41023','41','023',Grant County,Oregon,-7,0.0,0.0,0.0,0.0
940,'41025','41','025',Harney County,Oregon,3,0.0,0.0,0.0,0.0
941,'41029','41','029',Jackson County,Oregon,-5,15.0,0.0,23.0,-42.0
942,'41031','41','031',Jefferson County,Oregon,-29,0.0,0.0,0.0,0.0
943,'41033','41','033',Josephine County,Oregon,-161,-15.0,-83.0,-33.0,-4.0
944,'41035','41','035',Klamath County,Oregon,2,0.0,0.0,0.0,0.0
945,'41037','41','037',Lake County,Oregon,158,0.0,0.0,0.0,0.0
946,'41039','41','039',Lane County,Oregon,-434,-36.0,-23.0,-126.0,-99.0
947,'41041','41','041',Lincoln County,Oregon,-6,0.0,0.0,0.0,0.0
948,'41043','41','043',Linn County,Oregon,-34,0.0,0.0,0.0,0.0
949,'41045','41','045',Malheur County,Oregon,-38,0.0,0.0,0.0,0.0
950,'41047','41','047',Marion County,Oregon,-59,0.0,17.0,-8.0,-26.0
951,'41049','41','049',Morrow County,Oregon,-15,0.0,0.0,0.0,0.0
952,'41051','41','051',Multnomah County,Oregon,-562,9.0,-35.0,-241.0,-276.0
953,'41053','41','053',Polk County,Oregon,-109,0.0,0.0,0.0,0.0
954,'41059','41','059',Umatilla County,Oregon,-8,0.0,0.0,0.0,0.0
955,'41061','41','061',Union County,Oregon,73,0.0,0.0,0.0,0.0
956,'41065','41','065',Wasco County,Oregon,9,0.0,0.0,0.0,0.0
957,'41067','41','067',Washington County,Oregon,-676,-222.0,25.0,-306.0,-274.0
958,'41071','41','071',Yamhill County,Oregon,-150,0.0,0.0,3.0,3.0
959,'42003','42','003',Allegheny County,Pennsylvania,-182,-7.0,6.0,-25.0,27.0
960,'42009','42','009',Bedford County,Pennsylvania,-40,0.0,0.0,0.0,0.0
961,'42011','42','011',Berks County,Pennsylvania,-16,0.0,0.0,0.0,0.0
962,'42013','42','013',Blair County,Pennsylvania,5,0.0,0.0,0.0,0.0
963,'42015','42','015',Bradford County,Pennsylvania,25,0.0,0.0,0.0,0.0
964,'42017','42','017',Bucks County,Pennsylvania,92,0.0,0.0,0.0,0.0
965,'42019','42','019',Butler County,Pennsylvania,-20,0.0,0.0,0.0,-6.0
966,'42021','42','021',Cambria County,Pennsylvania,38,0.0,0.0,0.0,0.0
967,'42027','42','027',Centre County,Pennsylvania,-67,13.0,0.0,-17.0,4.0
968,'42029','42','029',Chester County,Pennsylvania,66,0.0,67.0,30.0,8.0
969,'42039','42','039',Crawford County,Pennsylvania,-5,0.0,0.0,0.0,0.0
970,'42041','42','041',Cumberland County,Pennsylvania,-45,2.0,24.0,-18.0,-15.0
971,'42043','42','043',Dauphin County,Pennsylvania,3,0.0,0.0,0.0,0.0
972,'42045','42','045',Delaware County,Pennsylvania,-6,0.0,0.0,0.0,0.0
973,'42049','42','049',Erie County,Pennsylvania,26,-31.0,0.0,-13.0,0.0
974,'42051','42','051',Fayette County,Pennsylvania,7,0.0,0.0,0.0,0.0
975,'42055','42','055',Franklin County,Pennsylvania,46,0.0,0.0,0.0,0.0
976,'42061','42','061',Huntingdon County,Pennsylvania,-5,0.0,0.0,0.0,0.0
977,'42063','42','063',Indiana County,Pennsylvania,-40,0.0,0.0,0.0,0.0
978,'42065','42','065',Jefferson County,Pennsylvania,-7,0.0,0.0,0.0,0.0
979,'42069','42','069',Lackawanna County,Pennsylvania,20,0.0,0.0,0.0,0.0
980,'42071','42','071',Lancaster County,Pennsylvania,-76,-52.0,-48.0,0.0,0.0
981,'42073','42','073',Lawrence County,Pennsylvania,-51,0.0,-27.0,0.0,0.0
982,'42077','42','077',Lehigh County,Pennsylvania,52,0.0,0.0,0.0,0.0
983,'42079','42','079',Luzerne County,Pennsylvania,24,-8.0,0.0,-13.0,-5.0
984,'42083','42','083',McKean County,Pennsylvania,-3,0.0,0.0,0.0,0.0
985,'42089','42','089',Monroe County,Pennsylvania,-8,0.0,0.0,0.0,0.0
986,'42091','42','091',Montgomery County,Pennsylvania,-9,-32.0,-22.0,-42.0,0.0
987,'42095','42','095',Northampton County,Pennsylvania,15,0.0,0.0,0.0,0.0
988,'42097','42','097',Northumberland County,Pennsylvania,-14,0.0,0.0,0.0,0.0
989,'42101','42','101',Philadelphia County,Pennsylvania,463,0.0,-56.0,-31.0,-34.0
990,'42103','42','103',Pike County,Pennsylvania,12,0.0,0.0,0.0,0.0
991,'42107','42','107',Schuylkill County,Pennsylvania,7,0.0,0.0,0.0,0.0
992,'42109','42','109',Snyder County,Pennsylvania,-6,0.0,0.0,0.0,0.0
993,'42113','42','113',Sullivan County,Pennsylvania,-5,0.0,0.0,0.0,0.0
994,'42115','42','115',Susquehanna County,Pennsylvania,5,0.0,0.0,0.0,0.0
995,'42119','42','119',Union County,Pennsylvania,-16,0.0,0.0,0.0,0.0
996,'42123','42','123',Warren County,Pennsylvania,-4,0.0,0.0,0.0,0.0
997,'42125','42','125',Washington County,Pennsylvania,-34,0.0,0.0,0.0,0.0
998,'42129','42','129',Westmoreland County,Pennsylvania,-5,0.0,0.0,0.0,0.0
999,'42133','42','133',York County,Pennsylvania,23,0.0,0.0,0.0,0.0
1000,'44001','44','001',Bristol County,Rhode Island,-15,0.0,0.0,0.0,0.0
1001,'44003','44','003',Kent County,Rhode Island,77,0.0,0.0,21.0,59.0
1002,'44005','44','005',Newport County,Rhode Island,-29,0.0,0.0,0.0,0.0
1003,'44007','44','007',Providence County,Rhode Island,-73,-5.0,6.0,-25.0,-13.0
1004,'44009','44','009',Washington County,Rhode Island,44,0.0,0.0,0.0,0.0
1005,'45003','45','003',Aiken County,South Carolina,148,0.0,0.0,0.0,0.0
1006,'45013','45','013',Beaufort County,South Carolina,-113,0.0,0.0,0.0,0.0
1007,'45015','45','015',Berkeley County,South Carolina,-102,0.0,0.0,0.0,0.0
1008,'45019','45','019',Charleston County,South Carolina,14,2.0,-22.0,10.0,-23.0
1009,'45023','45','023',Chester County,South Carolina,-25,0.0,0.0,0.0,0.0
1010,'45029','45','029',Colleton County,South Carolina,10,0.0,0.0,0.0,0.0
1011,'45031','45','031',Darlington County,South Carolina,-15,0.0,0.0,0.0,0.0
1012,'45035','45','035',Dorchester County,South Carolina,-89,0.0,0.0,-24.0,0.0
1013,'45045','45','045',Greenville County,South Carolina,-79,34.0,-60.0,-25.0,0.0
1014,'45049','45','049',Hampton County,South Carolina,-26,0.0,0.0,-26.0,-21.0
1015,'45051','45','051',Horry County,South Carolina,51,0.0,0.0,0.0,0.0
1016,'45063','45','063',Lexington County,South Carolina,-24,0.0,0.0,0.0,0.0
1017,'45073','45','073',Oconee County,South Carolina,-11,0.0,0.0,0.0,0.0
1018,'45079','45','079',Richland County,South Carolina,-429,0.0,0.0,0.0,0.0
1019,'45083','45','083',Spartanburg County,South Carolina,-7,0.0,0.0,0.0,0.0
1020,'45085','45','085',Sumter County,South Carolina,-23,0.0,0.0,0.0,0.0
1021,'45091','45','091',York County,South Carolina,-45,0.0,0.0,0.0,0.0
1022,'46011','46','011',Brookings County,South Dakota,-38,0.0,0.0,0.0,0.0
1023,'46019','46','019',Butte County,South Dakota,8,0.0,0.0,0.0,0.0
1024,'46027','46','027',Clay County,South Dakota,0,0.0,0.0,0.0,0.0
1025,'46033','46','033',Custer County,South Dakota,-1,0.0,0.0,0.0,0.0
1026,'46047','46','047',Fall River County,South Dakota,-11,0.0,0.0,0.0,0.0
1027,'46057','46','057',Hamlin County,South Dakota,-3,0.0,0.0,0.0,0.0
1028,'46059','46','059',Hand County,South Dakota,-2,0.0,0.0,0.0,0.0
1029,'46081','46','081',Lawrence County,South Dakota,-10,0.0,0.0,0.0,0.0
1030,'46083','46','083',Lincoln County,South Dakota,26,0.0,0.0,0.0,0.0
1031,'46099','46','099',Minnehaha County,South Dakota,45,-30.0,0.0,21.0,0.0
1032,'46101','46','101',Moody County,South Dakota,-13,0.0,0.0,0.0,0.0
1033,'46103','46','103',Pennington County,South Dakota,-12,0.0,0.0,0.0,0.0
1034,'46105','46','105',Perkins County,South Dakota,-4,0.0,0.0,0.0,0.0
1035,'46109','46','109',Roberts County,South Dakota,-2,0.0,0.0,0.0,0.0
1036,'46115','46','115',Spink County,South Dakota,-34,0.0,0.0,0.0,0.0
1037,'46127','46','127',Union County,South Dakota,-7,0.0,0.0,0.0,0.0
1038,'46135','46','135',Yankton County,South Dakota,-13,0.0,0.0,0.0,0.0
1039,'47001','47','001',Anderson County,Tennessee,-20,0.0,0.0,0.0,0.0
1040,'47003','47','003',Bedford County,Tennessee,2,0.0,0.0,0.0,0.0
1041,'47007','47','007',Bledsoe County,Tennessee,-9,0.0,0.0,0.0,0.0
1042,'47009','47','009',Blount County,Tennessee,4,0.0,0.0,0.0,0.0
1043,'47013','47','013',Campbell County,Tennessee,11,0.0,0.0,0.0,0.0
1044,'47037','47','037',Davidson County,Tennessee,-62,127.0,-103.0,-55.0,-61.0
1045,'47043','47','043',Dickson County,Tennessee,-41,0.0,0.0,0.0,0.0
1046,'47063','47','063',Hamblen County,Tennessee,-57,0.0,0.0,0.0,0.0
1047,'47065','47','065',Hamilton County,Tennessee,-114,0.0,0.0,0.0,0.0
1048,'47089','47','089',Jefferson County,Tennessee,4,0.0,0.0,0.0,0.0
1049,'47091','47','091',Johnson County,Tennessee,-5,0.0,0.0,0.0,0.0
1050,'47093','47','093',Knox County,Tennessee,24,0.0,0.0,0.0,0.0
1051,'47105','47','105',Loudon County,Tennessee,-40,0.0,0.0,0.0,0.0
1052,'47107','47','107',McMinn County,Tennessee,21,0.0,0.0,0.0,0.0
1053,'47113','47','113',Madison County,Tennessee,8,0.0,0.0,0.0,0.0
1054,'47115','47','115',Marion County,Tennessee,12,0.0,0.0,0.0,0.0
1055,'47119','47','119',Maury County,Tennessee,16,0.0,0.0,0.0,0.0
1056,'47123','47','123',Monroe County,Tennessee,-19,0.0,0.0,0.0,0.0
1057,'47125','47','125',Montgomery County,Tennessee,7,0.0,33.0,-13.0,-7.0
1058,'47141','47','141',Putnam County,Tennessee,14,0.0,0.0,0.0,0.0
1059,'47143','47','143',Rhea County,Tennessee,-8,0.0,0.0,0.0,0.0
1060,'47145','47','145',Roane County,Tennessee,-17,0.0,0.0,0.0,0.0
1061,'47147','47','147',Robertson County,Tennessee,59,0.0,0.0,0.0,0.0
1062,'47149','47','149',Rutherford County,Tennessee,33,0.0,0.0,0.0,0.0
1063,'47155','47','155',Sevier County,Tennessee,-61,0.0,0.0,0.0,0.0
1064,'47157','47','157',Shelby County,Tennessee,69,-2.0,-80.0,-33.0,17.0
1065,'47161','47','161',Stewart County,Tennessee,26,0.0,0.0,0.0,0.0
1066,'47163','47','163',Sullivan County,Tennessee,8,0.0,0.0,0.0,0.0
1067,'47165','47','165',Sumner County,Tennessee,69,0.0,0.0,0.0,0.0
1068,'47167','47','167',Tipton County,Tennessee,-12,0.0,0.0,0.0,0.0
1069,'47179','47','179',Washington County,Tennessee,-20,0.0,0.0,0.0,0.0
1070,'47187','47','187',Williamson County,Tennessee,-297,-173.0,10.0,-25.0,8.0
1071,'47189','47','189',Wilson County,Tennessee,-15,0.0,0.0,0.0,0.0
1072,'48005','48','005',Angelina County,Texas,3,0.0,0.0,0.0,0.0
1073,'48025','48','025',Bee County,Texas,-1,0.0,0.0,0.0,0.0
1074,'48027','48','027',Bell County,Texas,-159,-24.0,-3.0,-105.0,-11.0
1075,'48029','48','029',Bexar County,Texas,-630,-86.0,15.0,-367.0,-221.0
1076,'48037','48','037',Bowie County,Texas,-94,0.0,0.0,0.0,0.0
1077,'48039','48','039',Brazoria County,Texas,35,0.0,0.0,0.0,0.0
1078,'48041','48','041',Brazos County,Texas,95,0.0,96.0,-2.0,15.0
1079,'48043','48','043',Brewster County,Texas,12,0.0,0.0,0.0,0.0
1080,'48051','48','051',Burleson County,Texas,-4,0.0,0.0,0.0,0.0
1081,'48053','48','053',Burnet County,Texas,-16,0.0,0.0,0.0,0.0
1082,'48055','48','055',Caldwell County,Texas,-5,0.0,0.0,0.0,0.0
1083,'48061','48','061',Cameron County,Texas,130,0.0,0.0,0.0,0.0
1084,'48085','48','085',Collin County,Texas,-148,-178.0,16.0,-59.0,-28.0
1085,'48091','48','091',Comal County,Texas,-51,0.0,4.0,-8.0,14.0
1086,'48095','48','095',Concho County,Texas,-4,0.0,0.0,0.0,0.0
1087,'48099','48','099',Coryell County,Texas,-89,-13.0,0.0,-58.0,-10.0
1088,'48109','48','109',Culberson County,Texas,18,0.0,0.0,0.0,0.0
1089,'48111','48','111',Dallam County,Texas,11,0.0,0.0,0.0,0.0
1090,'48113','48','113',Dallas County,Texas,-1641,-350.0,-477.0,-715.0,-261.0
1091,'48115','48','115',Dawson County,Texas,-10,0.0,0.0,0.0,0.0
1092,'48121','48','121',Denton County,Texas,-736,-145.0,14.0,-380.0,-106.0
1093,'48135','48','135',Ector County,Texas,-66,0.0,0.0,-60.0,-41.0
1094,'48139','48','139',Ellis County,Texas,-19,0.0,0.0,0.0,0.0
1095,'48141','48','141',El Paso County,Texas,152,-50.0,32.0,70.0,-32.0
1096,'48143','48','143',Erath County,Texas,-98,0.0,0.0,0.0,0.0
1097,'48147','48','147',Fannin County,Texas,-8,0.0,0.0,0.0,0.0
1098,'48151','48','151',Fisher County,Texas,-27,0.0,0.0,0.0,0.0
1099,'48157','48','157',Fort Bend County,Texas,225,122.0,0.0,79.0,28.0
1100,'48159','48','159',Franklin County,Texas,-12,0.0,0.0,0.0,0.0
1101,'48165','48','165',Gaines County,Texas,-1,0.0,0.0,0.0,0.0
1102,'48167','48','167',Galveston County,Texas,46,32.0,-1.0,11.0,-3.0
1103,'48169','48','169',Garza County,Texas,-8,0.0,0.0,0.0,0.0
1104,'48179','48','179',Gray County,Texas,-7,0.0,0.0,0.0,0.0
1105,'48181','48','181',Grayson County,Texas,4,0.0,0.0,0.0,0.0
1106,'48183','48','183',Gregg County,Texas,-63,0.0,-7.0,-45.0,-1.0
1107,'48199','48','199',Hardin County,Texas,-31,0.0,0.0,0.0,0.0
1108,'48201','48','201',Harris County,Texas,-1775,9.0,-387.0,-1379.0,-315.0
1109,'48203','48','203',Harrison County,Texas,1,0.0,0.0,0.0,0.0
1110,'48209','48','209',Hays County,Texas,-77,0.0,0.0,0.0,0.0
1111,'48213','48','213',Henderson County,Texas,-54,0.0,0.0,-3.0,0.0
1112,'48215','48','215',Hidalgo County,Texas,107,0.0,0.0,0.0,0.0
1113,'48221','48','221',Hood County,Texas,19,0.0,0.0,0.0,0.0
1114,'48223','48','223',Hopkins County,Texas,-7,0.0,0.0,0.0,0.0
1115,'48227','48','227',Howard County,Texas,-55,-7.0,0.0,-19.0,-11.0
1116,'48229','48','229',Hudspeth County,Texas,-4,0.0,0.0,0.0,0.0
1117,'48231','48','231',Hunt County,Texas,-5,0.0,0.0,0.0,0.0
1118,'48233','48','233',Hutchinson County,Texas,-13,0.0,0.0,0.0,0.0
1119,'48243','48','243',Jeff Davis County,Texas,-4,0.0,0.0,0.0,0.0
1120,'48245','48','245',Jefferson County,Texas,-56,0.0,-14.0,-13.0,-13.0
1121,'48253','48','253',Jones County,Texas,-9,0.0,0.0,0.0,0.0
1122,'48257','48','257',Kaufman County,Texas,71,0.0,0.0,0.0,0.0
1123,'48259','48','259',Kendall County,Texas,-28,0.0,0.0,0.0,0.0
1124,'48277','48','277',Lamar County,Texas,-86,0.0,0.0,0.0,0.0
1125,'48293','48','293',Limestone County,Texas,22,0.0,0.0,0.0,0.0
1126,'48297','48','297',Live Oak County,Texas,-8,0.0,0.0,0.0,0.0
1127,'48303','48','303',Lubbock County,Texas,5,0.0,0.0,0.0,0.0
1128,'48309','48','309',McLennan County,Texas,-168,0.0,0.0,0.0,0.0
1129,'48315','48','315',Marion County,Texas,-57,0.0,0.0,0.0,0.0
1130,'48321','48','321',Matagorda County,Texas,-25,0.0,0.0,0.0,0.0
1131,'48323','48','323',Maverick County,Texas,-5,0.0,0.0,0.0,0.0
1132,'48329','48','329',Midland County,Texas,-18,0.0,0.0,0.0,0.0
1133,'48337','48','337',Montague County,Texas,27,0.0,0.0,0.0,0.0
1134,'48339','48','339',Montgomery County,Texas,-209,-72.0,0.0,-72.0,-17.0
1135,'48343','48','343',Morris County,Texas,-3,0.0,0.0,0.0,0.0
1136,'48347','48','347',Nacogdoches County,Texas,-20,0.0,0.0,0.0,0.0
1137,'48349','48','349',Navarro County,Texas,-22,0.0,0.0,0.0,0.0
1138,'48355','48','355',Nueces County,Texas,-73,0.0,23.0,-52.0,-17.0
1139,'48361','48','361',Orange County,Texas,8,0.0,0.0,0.0,0.0
1140,'48367','48','367',Parker County,Texas,-87,0.0,0.0,-19.0,-10.0
1141,'48373','48','373',Polk County,Texas,-6,0.0,0.0,0.0,0.0
1142,'48375','48','375',Potter County,Texas,13,0.0,0.0,0.0,0.0
1143,'48381','48','381',Randall County,Texas,1,0.0,0.0,0.0,0.0
1144,'48389','48','389',Reeves County,Texas,-27,0.0,0.0,-27.0,0.0
1145,'48397','48','397',Rockwall County,Texas,-42,0.0,0.0,0.0,0.0
1146,'48417','48','417',Shackelford County,Texas,-1,0.0,0.0,0.0,0.0
1147,'48423','48','423',Smith County,Texas,-175,0.0,0.0,0.0,0.0
1148,'48437','48','437',Swisher County,Texas,-9,0.0,0.0,0.0,0.0
1149,'48439','48','439',Tarrant County,Texas,-683,21.0,-348.0,-301.0,9.0
1150,'48441','48','441',Taylor County,Texas,32,0.0,0.0,0.0,0.0
1151,'48445','48','445',Terry County,Texas,-13,0.0,0.0,0.0,0.0
1152,'48449','48','449',Titus County,Texas,-9,0.0,0.0,0.0,0.0
1153,'48451','48','451',Tom Green County,Texas,-38,0.0,-33.0,-5.0,0.0
1154,'48453','48','453',Travis County,Texas,-224,-52.0,-14.0,-89.0,28.0
1155,'48457','48','457',Tyler County,Texas,-2,0.0,0.0,0.0,0.0
1156,'48465','48','465',Val Verde County,Texas,26,0.0,0.0,0.0,0.0
1157,'48469','48','469',Victoria County,Texas,11,0.0,0.0,0.0,0.0
1158,'48471','48','471',Walker County,Texas,-80,0.0,0.0,0.0,0.0
1159,'48473','48','473',Waller County,Texas,-10,0.0,0.0,0.0,0.0
1160,'48477','48','477',Washington County,Texas,26,0.0,0.0,0.0,0.0
1161,'48479','48','479',Webb County,Texas,-36,-3.0,0.0,-33.0,0.0
1162,'48485','48','485',Wichita County,Texas,-263,0.0,0.0,0.0,0.0
1163,'48491','48','491',Williamson County,Texas,-304,5.0,-145.0,-42.0,0.0
1164,'48497','48','497',Wise County,Texas,-6,0.0,0.0,0.0,0.0
1165,'48499','48','499',Wood County,Texas,-40,0.0,0.0,0.0,0.0
1166,'49001','49','001',Beaver County,Utah,-1,0.0,0.0,0.0,0.0
1167,'49003','49','003',Box Elder County,Utah,-9,0.0,0.0,0.0,0.0
1168,'49005','49','005',Cache County,Utah,-52,0.0,0.0,-16.0,74.0
1169,'49011','49','011',Davis County,Utah,-237,-180.0,-1.0,-83.0,-107.0
1170,'49013','49','013',Duchesne County,Utah,-4,0.0,0.0,0.0,0.0
1171,'49017','49','017',Garfield County,Utah,-3,0.0,0.0,0.0,0.0
1172,'49019','49','019',Grand County,Utah,-7,0.0,0.0,0.0,0.0
1173,'49021','49','021',Iron County,Utah,-103,0.0,0.0,0.0,0.0
1174,'49027','49','027',Millard County,Utah,-46,0.0,0.0,0.0,0.0
1175,'49035','49','035',Salt Lake County,Utah,-376,-50.0,14.0,-273.0,-1.0
1176,'49041','49','041',Sevier County,Utah,-5,0.0,0.0,0.0,0.0
1177,'49043','49','043',Summit County,Utah,76,0.0,0.0,0.0,0.0
1178,'49045','49','045',Tooele County,Utah,-41,0.0,0.0,0.0,0.0
1179,'49049','49','049',Utah County,Utah,-470,86.0,-14.0,-336.0,-56.0
1180,'49051','49','051',Wasatch County,Utah,-77,-35.0,0.0,-7.0,0.0
1181,'49053','49','053',Washington County,Utah,48,0.0,-10.0,81.0,39.0
1182,'49055','49','055',Wayne County,Utah,-2,0.0,0.0,0.0,0.0
1183,'49057','49','057',Weber County,Utah,11,8.0,-21.0,-2.0,-26.0
1184,'50001','50','001',Addison County,Vermont,12,0.0,0.0,0.0,0.0
1185,'50003','50','003',Bennington County,Vermont,-20,0.0,0.0,0.0,0.0
1186,'50005','50','005',Caledonia County,Vermont,-59,0.0,0.0,0.0,0.0
1187,'50007','50','007',Chittenden County,Vermont,-5,0.0,0.0,8.0,8.0
1188,'50013','50','013',Grand Isle County,Vermont,11,0.0,0.0,0.0,0.0
1189,'50015','50','015',Lamoille County,Vermont,-17,0.0,0.0,0.0,0.0
1190,'50019','50','019',Orleans County,Vermont,-17,0.0,0.0,0.0,0.0
1191,'50021','50','021',Rutland County,Vermont,-2,0.0,0.0,0.0,0.0
1192,'50023','50','023',Washington County,Vermont,-6,0.0,0.0,0.0,0.0
1193,'50027','50','027',Windsor County,Vermont,13,0.0,0.0,0.0,0.0
1194,'51001','51','001',Accomack County,Virginia,85,0.0,0.0,0.0,0.0
1195,'51003','51','003',Albemarle County,Virginia,-19,0.0,45.0,8.0,-7.0
1196,'51005','51','005',Alleghany County,Virginia,19,0.0,0.0,0.0,0.0
1197,'51013','51','013',Arlington County,Virginia,-53,-45.0,0.0,-6.0,0.0
1198,'51015','51','015',Augusta County,Virginia,36,0.0,0.0,0.0,0.0
1199,'51041','51','041',Chesterfield County,Virginia,45,0.0,0.0,0.0,0.0
1200,'51051','51','051',Dickenson County,Virginia,-5,0.0,0.0,0.0,0.0
1201,'51059','51','059',Fairfax County,Virginia,-139,-46.0,-107.0,58.0,68.0
1202,'51061','51','061',Fauquier County,Virginia,-38,0.0,0.0,0.0,0.0
1203,'51065','51','065',Fluvanna County,Virginia,-6,0.0,0.0,0.0,0.0
1204,'51069','51','069',Frederick County,Virginia,-17,0.0,0.0,0.0,0.0
1205,'51071','51','071',Giles County,Virginia,-15,0.0,0.0,0.0,0.0
1206,'51073','51','073',Gloucester County,Virginia,7,0.0,0.0,0.0,0.0
1207,'51087','51','087',Henrico County,Virginia,-219,0.0,0.0,0.0,0.0
1208,'51089','51','089',Henry County,Virginia,1,0.0,0.0,0.0,0.0
1209,'51099','51','099',King George County,Virginia,-17,0.0,0.0,0.0,0.0
1210,'51107','51','107',Loudoun County,Virginia,-248,-25.0,0.0,-130.0,0.0
1211,'51121','51','121',Montgomery County,Virginia,-2,-1.0,0.0,20.0,0.0
1212,'51135','51','135',Nottoway County,Virginia,18,0.0,0.0,0.0,0.0
1213,'51153','51','153',Prince William County,Virginia,163,-12.0,5.0,113.0,109.0
1214,'51165','51','165',Rockingham County,Virginia,-9,0.0,0.0,0.0,0.0
1215,'51171','51','171',Shenandoah County,Virginia,-12,0.0,0.0,0.0,0.0
1216,'51173','51','173',Smyth County,Virginia,32,0.0,0.0,0.0,0.0
1217,'51179','51','179',Stafford County,Virginia,23,0.0,0.0,0.0,0.0
1218,'51185','51','185',Tazewell County,Virginia,-8,0.0,0.0,0.0,0.0
1219,'51187','51','187',Warren County,Virginia,-26,0.0,0.0,0.0,0.0
1220,'51191','51','191',Washington County,Virginia,-60,0.0,0.0,0.0,0.0
1221,'51197','51','197',Wythe County,Virginia,7,0.0,0.0,0.0,0.0
1222,'51199','51','199',York County,Virginia,9,0.0,0.0,0.0,0.0
1223,'51510','51','510',Alexandria city,Virginia,2,-69.0,0.0,-24.0,-8.0
1224,'51520','51','520',Bristol city,Virginia,-44,0.0,0.0,0.0,0.0
1225,'51540','51','540',Charlottesville city,Virginia,28,5.0,0.0,0.0,0.0
1226,'51550','51','550',Chesapeake city,Virginia,-67,0.0,-27.0,-8.0,0.0
1227,'51590','51','590',Danville city,Virginia,18,0.0,0.0,0.0,0.0
1228,'51600','51','600',Fairfax city,Virginia,71,0.0,0.0,0.0,0.0
1229,'51610','51','610',Falls Church city,Virginia,9,0.0,0.0,0.0,0.0
1230,'51650','51','650',Hampton city,Virginia,2,-6.0,-6.0,0.0,-11.0
1231,'51660','51','660',Harrisonburg city,Virginia,-18,0.0,0.0,0.0,0.0
1232,'51678','51','678',Lexington city,Virginia,11,0.0,0.0,0.0,0.0
1233,'51680','51','680',Lynchburg city,Virginia,-10,0.0,0.0,0.0,0.0
1234,'51683','51','683',Manassas city,Virginia,-36,0.0,0.0,0.0,0.0
1235,'51690','51','690',Martinsville city,Virginia,34,0.0,0.0,0.0,0.0
1236,'51700','51','700',Newport News city,Virginia,-50,0.0,0.0,0.0,0.0
1237,'51710','51','710',Norfolk city,Virginia,38,4.0,-8.0,18.0,9.0
1238,'51720','51','720',Norton city,Virginia,-31,0.0,0.0,0.0,0.0
1239,'51740','51','740',Portsmouth city,Virginia,-24,0.0,0.0,0.0,0.0
1240,'51750','51','750',Radford city,Virginia,-5,0.0,0.0,0.0,0.0
1241,'51760','51','760',Richmond city,Virginia,-55,0.0,0.0,0.0,0.0
1242,'51770','51','770',Roanoke city,Virginia,29,0.0,0.0,0.0,0.0
1243,'51800','51','800',Suffolk city,Virginia,-53,-19.0,-13.0,0.0,0.0
1244,'51810','51','810',Virginia Beach city,Virginia,88,47.0,56.0,-13.0,16.0
1245,'51830','51','830',Williamsburg city,Virginia,-6,0.0,0.0,0.0,0.0
1246,'51840','51','840',Winchester city,Virginia,-11,0.0,0.0,0.0,0.0
1247,'53001','53','001',Adams County,Washington,-10,0.0,0.0,0.0,0.0
1248,'53005','53','005',Benton County,Washington,-7,0.0,0.0,0.0,0.0
1249,'53007','53','007',Chelan County,Washington,8,0.0,0.0,0.0,0.0
1250,'53009','53','009',Clallam County,Washington,-121,0.0,0.0,0.0,0.0
1251,'53011','53','011',Clark County,Washington,183,4.0,47.0,21.0,96.0
1252,'53015','53','015',Cowlitz County,Washington,-53,0.0,0.0,-12.0,-12.0
1253,'53017','53','017',Douglas County,Washington,-28,0.0,0.0,0.0,0.0
1254,'53019','53','019',Ferry County,Washington,-17,0.0,0.0,0.0,0.0
1255,'53021','53','021',Franklin County,Washington,-7,0.0,0.0,0.0,0.0
1256,'53025','53','025',Grant County,Washington,-69,0.0,0.0,0.0,0.0
1257,'53027','53','027',Grays Harbor County,Washington,21,0.0,0.0,0.0,0.0
1258,'53029','53','029',Island County,Washington,-5,0.0,0.0,0.0,0.0
1259,'53031','53','031',Jefferson County,Washington,-37,0.0,0.0,0.0,0.0
1260,'53033','53','033',King County,Washington,-1434,-138.0,-131.0,-578.0,-282.0
1261,'53035','53','035',Kitsap County,Washington,-86,0.0,-23.0,-13.0,25.0
1262,'53037','53','037',Kittitas County,Washington,61,0.0,0.0,0.0,0.0
1263,'53041','53','041',Lewis County,Washington,-180,0.0,0.0,0.0,0.0
1264,'53045','53','045',Mason County,Washington,4,0.0,0.0,0.0,0.0
1265,'53047','53','047',Okanogan County,Washington,121,0.0,0.0,0.0,0.0
1266,'53051','53','051',Pend Oreille County,Washington,-17,0.0,0.0,0.0,0.0
1267,'53053','53','053',Pierce County,Washington,-179,-24.0,-76.0,10.0,76.0
1268,'53055','53','055',San Juan County,Washington,-22,0.0,0.0,0.0,0.0
1269,'53057','53','057',Skagit County,Washington,-35,0.0,0.0,0.0,0.0
1270,'53061','53','061',Snohomish County,Washington,-216,-143.0,-32.0,-41.0,-74.0
1271,'53063','53','063',Spokane County,Washington,-19,-8.0,-69.0,3.0,-79.0
1272,'53065','53','065',Stevens County,Washington,-6,0.0,0.0,0.0,0.0
1273,'53067','53','067',Thurston County,Washington,-66,0.0,-44.0,59.0,-95.0
1274,'53071','53','071',Walla Walla County,Washington,-55,0.0,0.0,-8.0,-10.0
1275,'53073','53','073',Whatcom County,Washington,-4,-16.0,-7.0,6.0,-22.0
1276,'53075','53','075',Whitman County,Washington,-72,0.0,-9.0,-12.0,-47.0
1277,'53077','53','077',Yakima County,Washington,-53,0.0,0.0,0.0,0.0
1278,'54001','54','001',Barbour County,West Virginia,-5,0.0,0.0,0.0,0.0
1279,'54003','54','003',Berkeley County,West Virginia,-9,0.0,0.0,0.0,0.0
1280,'54007','54','007',Braxton County,West Virginia,3,0.0,0.0,0.0,0.0
1281,'54009','54','009',Brooke County,West Virginia,-9,0.0,0.0,0.0,0.0
1282,'54025','54','025',Greenbrier County,West Virginia,33,0.0,0.0,0.0,0.0
1283,'54033','54','033',Harrison County,West Virginia,23,0.0,0.0,0.0,0.0
1284,'54061','54','061',Monongalia County,West Virginia,-27,-9.0,0.0,-13.0,0.0
1285,'54065','54','065',Morgan County,West Virginia,22,0.0,0.0,0.0,0.0
1286,'54069','54','069',Ohio County,West Virginia,-1,0.0,0.0,0.0,0.0
1287,'54081','54','081',Raleigh County,West Virginia,-6,0.0,0.0,0.0,0.0
1288,'54101','54','101',Webster County,West Virginia,-17,0.0,0.0,0.0,0.0
1289,'54107','54','107',Wood County,West Virginia,6,0.0,0.0,0.0,0.0
1290,'55009','55','009',Brown County,Wisconsin,104,0.0,0.0,0.0,0.0
1291,'55019','55','019',Clark County,Wisconsin,-3,0.0,0.0,0.0,0.0
1292,'55025','55','025',Dane County,Wisconsin,171,76.0,0.0,-34.0,-18.0
1293,'55027','55','027',Dodge County,Wisconsin,12,0.0,0.0,0.0,0.0
1294,'55031','55','031',Douglas County,Wisconsin,-14,0.0,0.0,0.0,0.0
1295,'55033','55','033',Dunn County,Wisconsin,-54,0.0,0.0,0.0,0.0
1296,'55035','55','035',Eau Claire County,Wisconsin,-27,0.0,0.0,0.0,0.0
1297,'55039','55','039',Fond du Lac County,Wisconsin,-4,0.0,0.0,0.0,0.0
1298,'55055','55','055',Jefferson County,Wisconsin,-16,0.0,0.0,0.0,0.0
1299,'55059','55','059',Kenosha County,Wisconsin,55,0.0,0.0,0.0,0.0
1300,'55061','55','061',Kewaunee County,Wisconsin,-13,0.0,0.0,0.0,0.0
1301,'55063','55','063',La Crosse County,Wisconsin,-44,0.0,0.0,0.0,0.0
1302,'55073','55','073',Marathon County,Wisconsin,-196,0.0,0.0,0.0,0.0
1303,'55077','55','077',Marquette County,Wisconsin,-4,0.0,0.0,0.0,0.0
1304,'55079','55','079',Milwaukee County,Wisconsin,-57,70.0,-37.0,-40.0,-30.0
1305,'55085','55','085',Oneida County,Wisconsin,-5,0.0,0.0,0.0,0.0
1306,'55087','55','087',Outagamie County,Wisconsin,27,0.0,0.0,0.0,0.0
1307,'55089','55','089',Ozaukee County,Wisconsin,12,0.0,0.0,0.0,0.0
1308,'55093','55','093',Pierce County,Wisconsin,-3,0.0,0.0,0.0,0.0
1309,'55095','55','095',Polk County,Wisconsin,-6,0.0,0.0,0.0,0.0
1310,'55099','55','099',Price County,Wisconsin,-4,0.0,0.0,0.0,0.0
1311,'55101','55','101',Racine County,Wisconsin,-18,0.0,0.0,0.0,0.0
1312,'55105','55','105',Rock County,Wisconsin,-9,0.0,0.0,0.0,0.0
1313,'55109','55','109',St. Croix County,Wisconsin,8,0.0,0.0,0.0,0.0
1314,'55111','55','111',Sauk County,Wisconsin,-26,0.0,0.0,0.0,0.0
1315,'55113','55','113',Sawyer County,Wisconsin,-14,0.0,0.0,0.0,0.0
1316,'55121','55','121',Trempealeau County,Wisconsin,-16,0.0,0.0,0.0,0.0
1317,'55123','55','123',Vernon County,Wisconsin,-8,0.0,0.0,0.0,0.0
1318,'55125','55','125',Vilas County,Wisconsin,-10,0.0,0.0,0.0,0.0
1319,'55127','55','127',Walworth County,Wisconsin,13,0.0,0.0,0.0,0.0
1320,'55133','55','133',Waukesha County,Wisconsin,51,0.0,0.0,0.0,0.0
1321,'55135','55','135',Waupaca County,Wisconsin,-22,0.0,0.0,0.0,0.0
1322,'55137','55','137',Waushara County,Wisconsin,-11,0.0,0.0,0.0,0.0
1323,'55139','55','139',Winnebago County,Wisconsin,20,0.0,0.0,0.0,0.0
1324,'55141','55','141',Wood County,Wisconsin,54,14.0,0.0,9.0,0.0
1325,'56001','56','001',Albany County,Wyoming,0,0.0,0.0,12.0,15.0
1326,'56003','56','003',Big Horn County,Wyoming,45,0.0,0.0,0.0,0.0
1327,'56005','56','005',Campbell County,Wyoming,-1,0.0,0.0,0.0,0.0
1328,'56013','56','013',Fremont County,Wyoming,4,0.0,0.0,0.0,0.0
1329,'56015','56','015',Goshen County,Wyoming,16,0.0,0.0,0.0,0.0
1330,'56021','56','021',Laramie County,Wyoming,-27,0.0,0.0,0.0,0.0
1331,'56023','56','023',Lincoln County,Wyoming,-51,0.0,0.0,0.0,0.0
1332,'56025','56','025',Natrona County,Wyoming,-28,0.0,-9.0,0.0,0.0
1333,'56029','56','029',Park County,Wyoming,15,0.0,0.0,0.0,0.0
1334,'56035','56','035',Sublette County,Wyoming,-45,0.0,0.0,0.0,0.0
1335,'56037','56','037',Sweetwater County,Wyoming,-30,0.0,0.0,0.0,0.0
1336,'56041','56','041',Uinta County,Wyoming,-3,0.0,0.0,0.0,0.0
1337,'56045','56','045',Weston County,Wyoming,-2,0.0,0.0,0.0,0.0
1338,'72013','72','013',Arecibo Municipio,Puerto Rico,34,0.0,0.0,0.0,0.0
1339,'72021','72','021',Bayamn Municipio,Puerto Rico,43,0.0,0.0,0.0,0.0
1340,'72025','72','025',Caguas Municipio,Puerto Rico,4,0.0,0.0,0.0,0.0
1341,'72027','72','027',Camuy Municipio,Puerto Rico,12,0.0,0.0,0.0,0.0
1342,'72031','72','031',Carolina Municipio,Puerto Rico,97,0.0,12.0,97.0,43.0
1343,'72033','72','033',Catao Municipio,Puerto Rico,23,0.0,0.0,0.0,0.0
1344,'72035','72','035',Cayey Municipio,Puerto Rico,8,0.0,0.0,0.0,0.0
1345,'72041','72','041',Cidra Municipio,Puerto Rico,-12,0.0,0.0,0.0,0.0
1346,'72061','72','061',Guaynabo Municipio,Puerto Rico,-5,0.0,0.0,0.0,0.0
1347,'72063','72','063',Gurabo Municipio,Puerto Rico,8,0.0,0.0,0.0,0.0
1348,'72071','72','071',Isabela Municipio,Puerto Rico,-41,0.0,0.0,0.0,0.0
1349,'72075','72','075',Juana Daz Municipio,Puerto Rico,-22,0.0,0.0,0.0,0.0
1350,'72083','72','083',Las Maras Municipio,Puerto Rico,22,0.0,0.0,0.0,0.0
1351,'72097','72','097',Mayagez Municipio,Puerto Rico,10,0.0,0.0,0.0,0.0
1352,'72113','72','113',Ponce Municipio,Puerto Rico,-14,0.0,0.0,0.0,0.0
1353,'72127','72','127',San Juan Municipio,Puerto Rico,185,31.0,84.0,78.0,70.0
1354,'72135','72','135',Toa Alta Municipio,Puerto Rico,9,0.0,0.0,0.0,0.0
1355,'72137','72','137',Toa Baja Municipio,Puerto Rico,-20,0.0,0.0,0.0,0.0
